,,0,1,2,3,4,5,6,7,8,9,10,11,12,13,14,15,16,17,18,19,20,21,22,23,24,25,26,27,28,29,30,31,32,33,34,35,36,37,38,39,40
electorate,booths,alp,alib,anxt,anone,lib,lalp,lnxt,lnone,nxt,nalp,nlib,nnone,grn,galp,ganxt,galib,ganone,glib,glalp,glnxt,glnone,gnxt,gnalp,gnlib,gnnone,gnone,other,oalp,oanxt,oalib,oanone,olib,olalp,olnxt,olnone,onxt,onalp,onlib,onnone,onone,donkeys
ADELAIDE,Adelaide,203,48,92,63,191,54,117,20,86,46,30,10,119,81,34,11,36,7,5,0,2,23,18,2,3,8,65,20,8,2,10,16,6,3,7,19,9,2,8,10,2
ADELAIDE,Adelaide East,350,62,170,118,512,77,354,81,175,88,71,16,196,126,58,14,54,11,6,2,3,55,37,5,13,4,80,27,9,3,15,15,4,7,4,26,16,5,5,12,0
ADELAIDE,Adelaide South,491,67,254,170,624,102,422,100,308,157,116,35,324,207,98,21,88,22,11,6,5,86,72,5,9,9,140,29,10,7,12,38,6,12,20,49,22,11,16,24,1
ADELAIDE,College Park,115,19,53,43,404,57,287,60,94,39,45,10,59,32,14,5,13,7,1,2,4,18,12,2,4,2,38,10,3,1,6,12,2,4,6,10,4,3,3,6,0
ADELAIDE,North Adelaide,562,87,289,186,1333,136,981,216,389,200,160,29,265,166,73,26,67,22,12,8,2,65,52,8,5,12,165,45,14,9,22,50,14,14,22,47,19,14,14,23,1
ADELAIDE,Prospect,900,125,446,329,1008,179,702,127,502,251,199,52,268,170,83,15,72,12,8,1,3,77,56,8,13,9,192,48,17,9,22,38,10,14,14,64,16,17,31,42,3
ADELAIDE,Walkerville,364,49,176,139,1319,158,975,186,341,148,160,33,145,77,41,11,25,17,10,3,4,41,28,8,5,10,120,26,12,3,11,37,6,20,11,37,18,8,11,20,0
ADELIADE,Prospect South,332,57,167,108,596,79,431,86,252,126,96,30,82,57,30,6,21,6,1,4,1,18,15,3,0,1,81,15,10,1,4,34,8,9,17,24,5,10,9,8,3
BADCOE,Black Forest (Adelaide),229,25,131,73,230,45,153,32,142,79,44,19,84,49,28,4,17,2,1,0,1,30,20,4,6,3,47,8,3,1,4,15,3,6,6,16,3,7,6,8,0
BADCOE,Black Forest East,424,55,210,159,618,74,450,94,303,140,136,27,141,97,43,5,49,5,3,2,0,37,28,6,3,2,88,27,13,7,7,20,4,8,8,25,11,6,8,16,1
BADCOE,Clarence Park,220,24,117,79,451,61,311,79,199,105,74,20,73,45,19,7,19,4,1,1,2,23,17,3,3,1,60,16,5,1,10,21,5,12,4,13,3,4,6,10,2
BADCOE,Keswick,177,25,87,65,241,38,168,35,112,68,36,8,65,41,20,3,18,1,1,0,0,16,10,3,3,7,53,11,2,4,5,20,4,8,8,13,6,3,4,9,0
BADCOE,Ascot Park,272,44,134,94,214,57,127,30,157,84,50,23,65,42,19,7,16,3,1,1,1,14,12,1,1,6,77,23,4,6,13,16,4,3,9,17,8,5,4,21,2
BADCOE,Black Forest (Hindmarsh),125,26,65,34,155,38,89,28,92,46,42,4,58,40,17,8,15,1,1,0,0,14,9,0,5,3,33,5,2,3,0,13,4,5,4,9,2,5,2,6,0
BADCOE,Forbes,531,95,272,164,428,87,279,62,301,168,110,23,89,50,24,10,16,8,5,2,1,20,18,0,2,11,131,30,15,3,12,29,4,14,11,44,15,16,13,28,5
BADCOE,Kurralta Park,478,81,279,118,445,80,297,68,264,132,107,25,107,56,25,7,24,12,8,3,1,33,18,6,9,6,116,20,4,6,10,33,8,14,11,27,12,3,12,36,2
BADCOE,Plympton,551,93,267,191,510,108,325,77,307,159,112,36,116,86,40,13,33,9,5,2,2,18,13,2,3,3,139,34,12,9,13,36,10,13,13,45,11,11,23,24,1
BADCOE,South Plympton,470,75,242,153,465,58,344,63,287,148,102,37,81,44,26,5,13,6,1,4,1,24,18,3,3,7,130,30,11,6,13,39,6,16,17,33,8,13,12,28,1
BLACK,Marino,218,25,122,71,508,61,373,74,290,138,129,23,108,57,37,6,14,6,3,2,1,42,25,6,11,3,78,21,6,6,9,25,4,15,6,21,6,5,10,11,1
BLACK,Seacliff,361,58,206,97,712,95,527,90,339,167,140,32,136,68,29,11,28,13,6,6,1,47,27,4,16,8,124,29,9,7,13,25,5,9,11,50,19,12,19,20,1
BLACK,Seacombe Heights,907,137,466,304,987,167,655,165,623,320,209,94,216,119,43,16,60,23,9,6,8,67,47,7,13,7,305,78,23,14,41,63,11,24,28,95,30,19,46,69,1
BLACK,Seaview Downs,301,41,155,105,506,58,375,73,262,124,92,46,66,28,15,4,9,3,1,0,2,28,21,4,3,7,87,13,8,1,4,30,6,8,16,26,11,5,10,18,1
BLACK,Hallett Cove,610,90,297,223,628,118,446,64,449,209,188,52,117,65,30,6,29,7,4,2,1,39,20,6,13,6,168,45,9,11,25,49,9,20,20,53,10,25,18,21,2
BLACK,Hallett Cove Central,541,84,257,200,397,97,260,40,233,118,92,23,81,56,21,13,22,5,0,3,2,16,13,1,2,4,151,35,11,8,16,42,8,22,12,37,12,11,14,37,1
BLACK,Hallett Cove East,883,148,389,346,868,199,565,104,507,257,186,64,128,86,41,9,36,10,5,2,3,29,19,3,7,3,194,34,10,7,17,59,14,20,25,67,25,17,25,34,0
BLACK,Sheidow Park,822,144,384,294,601,118,409,74,457,225,162,70,98,64,27,13,24,9,4,2,3,20,14,3,3,5,219,56,18,11,27,38,15,11,12,70,21,17,32,55,0
BLACK,Trott Park,871,192,390,289,723,192,445,86,443,246,148,49,136,77,38,14,25,12,6,3,3,41,24,9,8,6,267,60,23,13,24,86,18,34,34,74,19,25,30,47,2
BRAGG,Beaumont,185,40,76,69,1018,106,789,123,293,131,136,26,100,62,25,6,31,8,4,2,2,26,23,2,1,4,80,13,5,4,4,37,3,18,16,19,5,7,7,11,1
BRAGG,Burnside,243,49,140,54,1172,123,866,183,303,146,133,24,130,74,29,10,35,8,5,2,1,44,33,5,6,4,112,20,5,2,13,39,8,17,14,32,13,9,10,21,1
BRAGG,Glen Osmond,94,10,58,26,446,57,330,59,150,63,72,15,56,28,14,6,8,3,1,2,0,22,17,3,2,3,42,7,6,0,1,13,4,6,3,13,3,3,7,9,0
BRAGG,Kensington,247,39,147,61,570,83,413,74,266,146,97,23,133,75,33,11,31,7,3,1,3,48,35,6,7,3,58,8,4,0,4,21,5,8,8,15,4,6,5,14,1
BRAGG,Kensington Gardens,145,30,68,47,572,61,444,67,208,106,85,17,63,35,15,8,12,3,2,1,0,23,19,2,2,2,56,10,2,4,4,16,4,7,5,21,7,6,8,9,1
BRAGG,Kensington Park,268,54,139,75,808,102,600,106,281,135,124,22,126,69,32,7,30,7,4,3,0,50,33,9,8,0,75,18,5,6,7,25,8,7,10,19,7,8,4,13,2
BRAGG,Linden Park,219,55,116,48,749,79,570,100,235,90,125,20,84,34,15,5,14,13,8,3,2,33,20,6,7,4,68,8,3,2,3,23,4,9,10,24,7,12,5,13,0
BRAGG,Norwood (Sturt),106,10,57,39,225,53,138,34,100,58,33,9,52,28,14,4,10,6,5,1,0,16,12,3,1,2,46,13,3,3,7,16,3,5,8,7,2,1,4,10,0
BRAGG,Stonyfell,184,45,91,48,931,101,733,97,270,122,126,22,90,50,24,11,15,16,6,7,3,22,11,5,6,2,70,14,4,3,7,25,2,11,12,19,4,6,9,12,0
BRAGG,Tusmore,189,40,93,56,730,83,558,89,231,105,107,19,79,38,19,6,13,9,6,2,1,31,21,4,6,1,89,11,5,2,4,36,8,21,7,24,9,7,8,18,0
CHAFFEY,Barmera,238,37,162,39,581,51,448,82,554,225,243,86,34,9,4,3,2,4,1,1,2,15,8,5,2,6,188,30,15,4,11,39,9,16,14,72,19,24,29,47,2
CHAFFEY,Berri,432,60,280,92,667,62,499,106,577,247,226,104,58,22,14,4,4,5,3,0,2,21,12,4,5,10,311,47,10,11,26,75,13,29,33,98,27,24,47,91,3
CHAFFEY,Blanchetown,41,5,29,7,73,8,54,11,60,25,31,4,1,0,0,0,0,0,0,0,0,1,1,0,0,0,33,4,1,1,2,7,0,3,4,11,5,3,3,11,0
CHAFFEY,Cadell,20,4,12,4,70,4,54,12,52,28,17,7,2,0,0,0,0,0,0,0,0,2,2,0,0,0,19,0,0,0,0,3,0,1,2,12,2,4,6,4,0
CHAFFEY,Cobdogla,51,8,34,9,139,8,110,21,105,47,42,16,7,5,4,1,0,1,0,1,0,0,0,0,0,1,53,10,5,1,4,8,1,3,4,22,5,8,9,13,0
CHAFFEY,Glossop,72,12,43,17,164,25,117,22,141,68,55,18,8,2,1,0,1,1,1,0,0,3,2,1,0,2,77,4,3,1,0,20,5,10,5,28,8,6,14,25,2
CHAFFEY,Loxton,300,39,189,72,1014,92,765,157,648,228,318,102,51,11,6,2,3,11,3,6,2,23,9,7,7,6,347,50,16,8,26,95,14,50,31,85,22,21,42,117,3
CHAFFEY,Loxton North,70,19,43,8,260,26,200,34,240,94,106,40,15,4,0,1,3,1,1,0,0,9,6,2,1,1,92,9,1,4,4,25,3,13,9,42,8,19,15,16,0
CHAFFEY,Lyrup,23,4,15,4,86,6,42,38,57,17,23,17,1,0,0,0,0,0,0,0,0,1,1,0,0,0,27,1,1,0,0,10,3,3,4,8,1,3,4,8,0
CHAFFEY,Monash,75,10,56,9,218,17,166,35,201,70,88,43,17,7,4,0,3,1,0,0,1,8,4,2,2,1,98,15,3,4,8,24,2,12,10,35,10,10,15,24,0
CHAFFEY,Moorook,32,4,25,3,105,6,83,16,74,28,34,12,4,2,2,0,0,1,0,1,0,1,0,0,1,0,39,4,1,1,2,11,2,5,4,19,7,2,10,5,0
CHAFFEY,Morgan,59,6,41,12,97,6,74,17,101,56,29,16,1,0,0,0,0,0,0,0,0,0,0,0,0,1,40,6,2,4,0,11,1,5,5,19,4,5,10,4,0
CHAFFEY,Paringa,94,19,59,16,270,24,198,48,172,64,80,28,10,4,3,0,1,1,1,0,0,1,1,0,0,4,78,14,3,5,6,23,2,13,8,22,8,5,9,19,1
CHAFFEY,Ramco,59,7,40,12,213,10,168,35,121,50,58,13,15,4,2,0,2,5,2,2,1,3,3,0,0,3,60,9,5,1,3,14,4,7,3,15,3,4,8,22,0
CHAFFEY,Renmark,353,64,203,86,550,63,231,256,420,199,146,75,48,21,10,5,6,4,1,1,2,14,6,3,5,9,246,43,12,9,22,59,9,18,32,70,17,15,38,74,11
CHAFFEY,Renmark North,70,9,47,14,185,21,145,19,145,52,60,33,10,3,1,0,2,2,1,1,0,4,2,1,1,1,64,14,3,7,4,13,1,3,9,16,6,5,5,21,0
CHAFFEY,Renmark West,120,26,82,12,254,30,195,29,247,89,117,41,11,2,0,1,1,4,0,1,3,5,3,1,1,0,90,17,6,3,8,17,0,11,6,34,9,13,12,22,0
CHAFFEY,Sedan,23,1,17,5,58,6,46,6,35,14,12,9,4,3,3,0,0,0,0,0,0,0,0,0,0,1,24,2,1,0,1,7,1,3,3,11,2,2,7,4,0
CHAFFEY,Swan Reach,43,4,35,4,73,5,50,18,49,18,23,8,7,2,1,0,1,2,0,1,1,3,2,1,0,0,17,3,1,1,1,5,1,3,1,3,0,1,2,6,0
CHAFFEY,Waikerie,223,21,160,42,629,50,491,88,494,197,217,80,33,10,5,3,2,8,5,1,2,10,5,3,2,5,199,34,14,5,15,47,2,31,14,69,20,19,30,49,7
CHAFFEY,Winkie,34,6,22,6,74,7,52,15,70,24,34,12,6,5,2,1,2,0,0,0,0,1,1,0,0,0,29,3,2,0,1,6,0,3,3,13,3,5,5,7,1
CHELTENHAM,Albert Park,416,58,203,155,227,41,156,30,190,95,66,29,62,34,18,3,13,6,4,1,1,18,13,1,4,4,146,42,16,10,16,30,2,11,17,30,9,9,12,44,1
CHELTENHAM,Cheltenham,536,63,261,212,308,62,196,50,306,174,89,43,92,59,27,5,27,4,2,2,0,22,13,5,4,7,189,36,14,6,16,50,16,18,16,57,20,13,24,46,4
CHELTENHAM,Findon,603,96,279,228,370,72,251,47,297,147,105,45,70,48,23,7,18,2,1,0,1,19,13,3,3,1,155,33,12,8,13,41,10,16,15,38,10,6,22,43,8
CHELTENHAM,Findon West,607,115,264,228,335,77,141,117,209,112,74,23,56,33,16,6,11,4,2,0,2,15,8,4,3,4,121,35,12,7,16,23,6,12,5,32,9,11,12,31,3
CHELTENHAM,Pennington,810,192,342,276,206,62,108,36,179,101,48,30,66,36,14,5,17,4,3,0,1,19,9,5,5,7,161,52,16,10,26,30,10,13,7,34,15,10,9,45,9
CHELTENHAM,Queenstown,591,68,297,226,267,52,172,43,254,132,76,46,75,46,26,5,15,1,0,1,0,21,13,3,5,7,195,31,16,3,12,44,17,13,14,65,26,15,24,55,6
CHELTENHAM,Rosewater,738,93,329,316,303,69,178,56,314,178,94,42,99,61,29,8,24,4,3,0,1,25,21,3,1,9,191,53,23,10,20,40,15,15,10,52,15,9,28,46,2
CHELTENHAM,Woodville South,662,86,321,255,480,97,324,59,354,189,120,45,99,51,30,7,14,7,4,2,1,33,26,2,5,8,163,47,16,11,20,31,4,14,13,47,15,7,25,38,2
CHELTENHAM,Woodville West,556,88,289,179,320,62,207,51,292,147,110,35,58,29,12,6,11,3,2,0,1,22,13,2,7,4,146,39,11,10,18,30,7,12,11,39,15,5,19,38,5
COLTON,Fulham,251,37,139,75,454,52,339,63,192,100,78,14,57,24,12,3,9,3,2,1,0,21,20,0,1,9,58,12,6,2,4,16,4,6,6,15,5,4,6,15,1
COLTON,Fulham Gardens,877,108,414,355,1052,163,736,153,515,271,188,56,119,75,34,13,28,10,6,3,1,25,12,9,4,9,190,47,15,8,24,52,12,21,19,47,17,16,14,44,7
COLTON,Glenelg North,481,71,238,172,1024,149,736,139,377,182,155,40,149,88,41,14,33,19,13,1,5,38,28,4,6,4,135,27,9,7,11,47,10,17,20,39,20,13,6,22,5
COLTON,Henley Beach,525,75,280,170,924,101,688,135,358,169,145,44,127,76,36,14,26,9,4,2,3,39,25,5,9,3,103,26,9,3,14,27,7,12,8,31,14,7,10,19,1
COLTON,Henley South,459,60,235,164,755,119,536,100,308,158,130,20,134,73,35,14,24,10,2,5,3,45,32,6,7,6,113,24,10,2,12,24,3,13,8,39,17,10,12,26,4
COLTON,Kidman Park,809,115,379,315,966,152,670,144,517,264,196,57,69,47,24,9,14,4,2,1,1,13,9,3,1,5,185,44,14,7,23,44,10,20,14,55,15,18,22,42,7
COLTON,Lockleys,413,63,195,155,768,93,574,101,269,120,115,34,63,34,17,5,12,3,2,0,1,20,12,3,5,6,120,19,8,5,6,52,9,19,24,25,6,6,13,24,2
COLTON,West Beach,522,72,259,191,1093,157,784,152,388,191,153,44,88,55,24,6,25,5,4,1,0,23,12,5,6,5,132,26,7,6,13,45,9,25,11,36,8,13,15,25,0
CROYDON,Brompton,537,86,293,158,456,104,301,51,274,156,87,31,230,143,62,18,63,6,4,1,1,72,55,5,12,9,108,31,10,2,19,17,4,4,9,35,17,7,11,25,2
CROYDON,Croydon (Adelaide),121,16,67,38,60,16,32,12,57,33,19,5,29,22,11,4,7,0,0,0,0,7,5,0,2,0,15,5,2,1,2,2,0,2,0,6,2,1,3,2,0
CROYDON,Croydon Park,674,136,335,203,268,89,135,44,185,102,58,25,53,32,17,4,11,2,1,1,0,16,9,3,4,3,137,37,15,9,13,30,3,9,18,44,15,9,20,26,2
CROYDON,Kilkenny North (Adelaide),147,22,84,41,53,18,20,15,47,25,15,7,8,5,0,2,3,0,0,0,0,2,2,0,0,1,28,11,5,1,5,3,0,0,3,7,2,2,3,7,0
CROYDON,Renown Park,665,102,304,259,331,65,201,65,230,115,67,48,142,92,42,11,39,7,5,0,2,34,24,2,8,9,140,37,20,2,15,26,10,8,8,42,12,12,18,35,7
CROYDON,Allenby Gardens,586,76,299,211,346,67,240,39,345,191,115,39,119,69,35,8,26,7,2,1,4,36,29,2,5,7,162,39,14,16,9,28,6,14,8,49,22,7,20,46,3
CROYDON,Croydon (Port Adelaide),363,42,195,126,190,36,134,20,190,101,66,23,101,57,26,8,23,3,1,0,2,33,25,3,5,8,79,20,13,1,6,15,5,7,3,27,13,3,11,17,1
CROYDON,Kilkenny,472,61,240,171,286,50,187,49,217,110,81,26,53,28,10,2,16,6,3,1,2,17,13,1,3,2,92,26,7,3,16,19,5,7,7,23,12,6,5,24,5
CROYDON,Kilkenny North (Port Adelaide),419,94,185,140,169,41,108,20,132,75,40,17,41,24,10,1,13,5,3,2,0,8,5,1,2,4,97,27,9,5,13,19,5,8,6,22,10,4,8,29,2
CROYDON,Mansfield Park,873,256,367,250,221,92,86,43,156,97,42,17,48,32,13,10,9,4,1,3,0,10,6,1,3,2,142,48,17,9,22,31,9,13,9,26,11,7,8,37,6
CROYDON,Regency Park,409,97,153,159,143,43,75,25,111,54,41,16,39,21,7,4,10,3,1,0,2,9,8,0,1,6,82,23,7,3,13,15,3,2,10,25,7,6,12,19,0
CROYDON,West Croydon,591,96,289,206,310,59,198,53,286,159,91,36,116,79,37,5,37,8,5,3,0,23,16,3,4,6,131,44,20,5,19,20,4,12,4,37,17,8,12,30,5
CROYDON,Woodville Gardens,1551,380,614,557,327,133,139,55,240,125,75,40,102,79,32,19,28,5,1,1,3,13,7,1,5,5,221,70,23,23,24,43,14,11,18,44,15,10,19,64,9
DAVENPORT,Aberfoyle Park,625,95,393,137,784,110,578,96,578,297,216,65,122,72,28,9,35,11,5,1,5,30,22,0,8,9,207,42,18,9,15,46,11,26,9,67,20,17,30,52,1
DAVENPORT,Aberfoyle Park North,694,88,374,232,1001,125,458,418,679,334,269,76,175,99,47,18,34,12,7,3,2,58,31,13,14,6,278,59,20,12,27,74,20,29,25,89,28,26,35,56,1
DAVENPORT,Aberfoyle Park South,287,39,170,78,361,49,253,59,266,134,93,39,79,36,20,3,13,8,4,2,2,29,19,5,5,6,125,29,7,10,12,30,4,16,10,30,4,11,15,36,0
DAVENPORT,Bellevue Heights,287,41,168,78,568,56,426,86,356,158,159,39,129,83,40,9,34,5,2,3,0,37,24,8,5,4,112,19,8,3,8,28,3,8,17,47,21,13,13,18,0
DAVENPORT,Flagstaff Hill East,189,43,95,51,396,60,290,46,275,121,128,26,75,41,24,3,14,4,2,2,0,27,16,7,4,3,82,16,5,5,6,31,5,14,12,18,5,7,6,17,0
DAVENPORT,Happy Valley (Boothby),127,21,67,39,165,28,113,24,115,47,60,8,43,27,12,3,12,4,3,0,1,11,8,2,1,1,79,20,5,5,10,21,7,5,9,20,3,7,10,18,0
DAVENPORT,O'Halloran Hill,872,108,467,297,687,105,513,69,523,259,187,77,145,85,41,15,29,8,3,2,3,41,27,4,10,11,272,59,16,11,32,67,19,27,21,91,29,24,38,55,0
DAVENPORT,Cherry Gardens,60,6,44,10,239,32,175,32,167,79,62,26,39,14,5,3,6,4,3,1,0,19,17,0,2,2,36,4,1,0,3,11,2,5,4,13,2,4,7,8,0
DAVENPORT,Happy Valley (Mayo),183,23,119,41,353,41,250,62,243,124,87,32,45,26,14,3,9,3,1,2,0,13,9,4,0,3,105,20,7,6,7,28,3,14,11,32,10,6,16,25,1
DUNSTAN,Dulwich,193,26,83,84,705,76,515,114,159,66,80,13,85,44,22,2,20,9,6,1,2,28,24,2,2,4,49,14,8,4,2,19,5,6,8,12,7,3,2,4,0
DUNSTAN,Marden (Adelaide),120,21,54,45,151,21,95,35,79,41,30,8,42,25,13,3,9,4,1,0,3,10,10,0,0,3,29,8,3,2,3,6,2,1,3,12,6,2,4,3,0
DUNSTAN,Maylands,317,33,174,110,525,57,399,69,202,100,90,12,121,67,40,6,21,4,2,2,0,46,34,3,9,4,72,15,2,6,7,23,4,11,8,20,9,7,4,14,2
DUNSTAN,Norwood (Adelaide),223,33,95,95,467,60,316,91,167,70,78,19,124,78,34,6,38,8,6,2,0,35,19,5,11,3,68,12,4,1,7,24,4,13,7,20,7,5,8,12,0
DUNSTAN,Norwood West,433,55,235,143,813,118,571,124,266,133,109,24,213,126,73,13,40,16,7,7,2,65,52,6,7,6,120,37,18,9,10,29,3,13,13,31,13,7,11,23,3
DUNSTAN,Rose Park,251,49,116,86,839,83,636,120,223,104,96,23,125,69,35,13,21,6,4,1,1,44,36,6,2,6,58,18,11,3,4,14,5,6,3,21,9,7,5,5,0
DUNSTAN,St Peters,438,54,234,150,1047,101,787,159,333,166,140,27,175,109,59,16,34,12,6,3,3,47,39,4,4,7,102,23,11,3,9,34,7,13,14,25,15,6,4,20,2
DUNSTAN,Felixstow,206,31,97,78,284,40,201,43,187,91,65,31,48,26,14,4,8,2,1,1,0,19,14,3,2,1,59,14,6,4,4,17,5,7,5,20,9,5,6,8,2
DUNSTAN,Glynde,522,96,254,172,697,134,450,113,346,171,136,39,121,69,28,9,32,8,5,1,2,40,27,4,9,4,167,42,22,9,11,44,8,17,19,41,8,18,15,40,3
DUNSTAN,Marden (Sturt),292,52,143,97,370,67,259,44,184,96,65,23,86,52,24,7,21,7,5,1,1,26,22,2,2,1,80,16,7,3,6,19,7,8,4,29,9,8,12,16,1
DUNSTAN,Trinity Gardens,482,76,270,136,747,113,540,94,410,227,145,38,151,80,38,12,30,14,7,4,3,52,42,4,6,5,159,34,13,6,15,38,7,18,13,45,20,11,14,42,3
ELDER,Colonel Light Gardens,364,56,194,114,832,113,636,83,472,208,227,37,162,77,38,7,32,12,7,4,1,70,49,11,10,3,118,26,12,4,10,34,7,12,15,39,16,9,14,19,0
ELDER,Daw Park,380,50,194,136,638,86,470,82,372,188,147,37,113,71,22,8,41,5,2,2,1,33,24,5,4,4,123,15,2,5,8,30,8,13,9,42,11,15,16,36,3
ELDER,Hawthorn West,347,59,181,107,966,100,746,120,406,203,166,37,144,82,41,12,29,15,7,7,1,43,25,11,7,4,138,20,8,2,10,40,4,26,10,51,15,23,13,27,0
ELDER,Hawthorndene,255,42,160,53,529,87,373,69,375,202,128,45,182,81,48,8,25,8,4,1,3,87,57,14,16,6,113,14,4,5,5,52,8,27,17,30,9,13,8,17,0
ELDER,Melrose Park,596,97,301,198,703,110,498,95,429,223,153,53,180,111,52,13,46,12,4,3,5,54,43,6,5,3,167,42,20,12,10,46,9,24,13,49,17,13,19,30,2
ELDER,Mitchell Park,523,81,262,180,406,86,247,73,294,151,104,39,92,55,22,11,22,6,3,1,2,26,19,4,3,5,149,25,6,7,12,41,8,21,12,38,16,8,14,45,0
ELDER,Pasadena,463,62,238,163,772,95,532,145,428,206,163,59,108,53,21,7,25,9,3,6,0,41,27,4,10,5,160,29,12,8,9,45,10,17,18,52,16,16,20,34,2
ELDER,St Marys,405,72,196,137,399,66,271,62,305,168,92,45,95,55,21,11,23,5,2,3,0,31,18,3,10,4,143,28,14,7,7,54,9,22,23,39,9,18,12,22,3
ELDER,Tonsley Park,410,43,197,170,293,51,101,141,234,139,60,35,72,45,22,4,19,4,2,1,1,18,13,2,3,5,119,16,5,2,9,29,6,10,13,37,12,10,15,37,2
ELDER,Westbourne Park,342,67,180,95,755,93,591,71,397,184,180,33,140,79,42,5,32,12,8,2,2,46,37,5,4,3,105,20,9,4,7,37,5,15,17,34,11,13,10,14,0
ELIZABETH,Craigmore,1475,206,674,595,609,150,357,102,601,316,179,106,128,89,39,12,38,9,6,1,2,21,11,5,5,9,682,175,57,24,94,122,35,41,46,188,65,34,89,197,2
ELIZABETH,Craigmore North,878,139,367,372,394,71,276,47,332,170,108,54,66,34,17,4,13,5,2,1,2,21,14,3,4,6,319,78,24,17,37,79,21,29,29,76,19,17,40,86,2
ELIZABETH,Craigmore South,977,89,465,423,461,79,303,79,486,264,127,95,54,25,14,3,8,6,4,2,0,16,10,3,3,7,504,130,41,17,72,101,27,38,36,140,44,37,59,133,2
ELIZABETH,Elizabeth,280,42,126,112,91,22,36,33,103,53,35,15,33,20,13,2,5,3,0,1,2,5,5,0,0,5,112,36,15,5,16,24,4,9,11,19,5,4,10,33,0
ELIZABETH,Elizabeth Downs,876,89,409,378,225,58,126,41,368,227,76,65,52,27,10,3,14,4,1,2,1,8,6,1,1,13,380,102,29,16,57,47,9,11,27,106,48,14,44,125,5
ELIZABETH,Elizabeth East,827,85,408,334,268,42,172,54,379,225,77,77,48,24,10,6,8,5,2,1,2,11,8,1,2,8,337,91,35,12,44,59,13,21,25,85,28,9,48,102,5
ELIZABETH,Elizabeth Grove,405,37,188,180,100,13,65,22,190,105,50,35,41,25,12,6,7,4,2,0,2,10,7,0,3,2,152,52,12,11,29,17,6,5,6,41,16,9,16,42,2
ELIZABETH,Elizabeth Park,651,68,301,282,176,27,113,36,293,153,66,74,41,28,14,3,11,1,0,0,1,8,6,0,2,4,259,85,26,15,44,38,12,16,10,62,23,14,25,74,1
ELIZABETH,Elizabeth South,642,70,325,247,145,23,98,24,238,130,55,53,50,23,11,3,9,4,4,0,0,16,10,1,5,7,271,78,23,11,44,45,12,14,19,63,27,8,28,85,2
ELIZABETH,Elizabeth Vale,820,108,401,311,306,53,199,54,377,190,107,80,58,40,25,3,12,4,2,0,2,10,6,1,3,4,283,62,18,13,31,49,12,16,21,86,31,15,40,86,4
ENDCOE,Edwardstown,522,83,277,162,488,83,340,65,310,173,98,39,116,77,41,12,24,5,4,1,0,30,24,2,4,4,167,44,11,7,26,35,8,17,10,45,13,11,21,43,3
ENFIELD,Blair Athol,598,135,241,222,222,58,129,35,189,107,53,29,68,39,21,7,11,4,0,2,2,15,10,3,2,10,159,49,12,17,20,29,3,8,18,45,14,5,26,36,2
ENFIELD,Broadview,608,132,297,179,877,147,615,115,511,246,227,38,162,93,43,15,35,12,6,3,3,48,36,4,8,9,189,32,13,3,16,52,14,22,16,67,22,25,20,38,1
ENFIELD,Enfield,726,144,335,247,452,112,268,72,290,171,78,41,93,56,23,9,24,7,3,2,2,27,19,1,7,3,187,43,18,4,21,36,5,15,16,46,18,11,17,62,3
ENFIELD,Enfield North,343,85,148,110,213,48,129,36,151,78,48,25,57,35,14,9,12,5,3,1,1,15,12,0,3,2,85,19,6,7,6,25,4,9,12,28,4,6,18,13,1
ENFIELD,Kilburn,841,181,370,290,284,85,158,41,236,138,63,35,104,71,39,7,25,6,3,0,3,18,9,1,8,9,150,49,13,8,28,23,6,7,10,42,17,10,15,36,8
ENFIELD,Nailsworth,566,86,297,183,690,118,464,108,361,200,122,39,114,71,33,8,30,7,3,2,2,32,25,1,6,4,128,19,8,5,6,37,8,14,15,44,15,11,18,28,0
ENFIELD,Northfield,714,143,352,219,316,93,186,37,245,143,68,34,71,53,21,10,22,2,1,1,0,13,10,2,1,3,158,51,21,9,21,36,8,21,7,40,13,10,17,31,3
ENFIELD,Northgate (Adelaide),545,131,221,193,633,146,391,96,307,153,118,36,80,48,18,8,22,8,5,1,2,17,10,3,4,7,179,37,13,7,17,57,14,26,17,49,14,14,21,36,0
ENFIELD,Prospect North,741,135,363,243,648,115,435,98,427,216,160,51,181,115,57,14,44,5,2,0,3,54,40,4,10,7,208,64,30,14,20,54,11,21,22,57,16,24,17,33,1
FINNISS,Currency Creek,102,10,72,20,360,30,275,55,254,128,93,33,40,18,6,3,9,1,0,1,0,15,10,2,3,6,91,13,4,3,6,29,1,18,10,21,7,5,9,28,1
FINNISS,Goolwa,347,32,216,99,757,75,572,110,617,323,209,85,84,26,9,9,8,8,1,4,3,39,27,3,9,11,201,34,6,7,21,44,8,21,15,60,18,10,32,63,2
FINNISS,Goolwa Central,236,25,150,61,447,25,371,51,398,184,147,67,45,18,9,1,8,3,1,1,1,21,16,1,4,3,92,14,8,1,5,18,3,8,7,33,9,11,13,27,0
FINNISS,Middleton,134,12,84,38,265,21,204,40,215,95,78,42,57,23,12,3,8,5,1,4,0,26,21,2,3,3,64,2,1,0,1,22,4,13,5,18,2,4,12,22,1
FINNISS,Mount Compass,173,24,98,51,459,40,346,73,293,134,110,49,33,11,4,0,7,1,1,0,0,18,11,1,6,3,169,21,6,4,11,53,13,18,22,52,8,18,26,43,0
FINNISS,Port Elliot,174,15,112,47,439,30,342,67,312,149,120,43,82,35,16,6,13,4,0,3,1,38,29,1,8,5,137,21,12,2,7,28,1,12,15,49,9,19,21,39,0
FINNISS,Victor Harbor,300,45,173,82,539,57,194,288,444,235,134,75,89,39,20,3,16,5,2,2,1,37,20,8,9,8,171,37,16,8,13,39,6,15,18,46,11,16,19,49,1
FINNISS,Victor Harbor East,82,10,63,9,277,29,212,36,188,91,65,32,36,10,5,2,3,2,1,1,0,23,15,5,3,1,88,8,2,1,5,26,3,13,10,36,17,11,8,18,0
FINNISS,Victor Harbor South,233,22,142,69,560,57,413,90,472,227,172,73,52,20,10,0,10,9,5,2,2,17,11,2,4,6,155,20,6,2,12,40,7,22,11,49,12,12,25,46,1
FLINDERS,Arno Bay,17,6,8,3,145,14,46,85,52,14,29,9,3,2,2,0,0,0,0,0,0,1,0,1,0,0,22,1,1,0,0,7,3,3,1,4,0,0,4,10,0
FLINDERS,Ceduna,222,43,138,41,590,59,179,352,218,92,88,38,66,29,7,10,12,9,7,0,2,18,8,4,6,10,192,33,17,5,11,55,11,20,24,45,8,11,26,59,2
FLINDERS,Cleve,33,9,21,3,341,35,101,205,124,35,64,25,17,7,3,0,4,2,1,0,1,3,2,0,1,5,69,4,0,1,3,27,4,13,10,18,5,7,6,20,0
FLINDERS,Coffin Bay,42,6,29,7,142,14,108,20,89,42,30,17,9,6,5,1,0,0,0,0,0,3,2,1,0,0,35,4,2,1,1,8,0,2,6,11,4,0,7,12,0
FLINDERS,Cummins,66,12,38,16,529,49,185,295,129,25,81,23,8,2,1,0,1,2,0,1,1,2,1,0,1,2,79,4,1,1,2,32,5,19,8,18,2,5,11,25,0
FLINDERS,Darke Peak,2,0,2,0,51,7,23,21,10,1,7,2,1,1,0,1,0,0,0,0,0,0,0,0,0,0,5,1,0,1,0,2,0,1,1,2,0,2,0,0,0
FLINDERS,Kirton Point,328,55,209,64,650,75,478,97,415,194,146,75,59,14,6,4,4,9,5,3,1,32,15,2,15,4,267,48,13,8,27,65,18,18,29,61,16,19,26,93,3
FLINDERS,Lock,15,3,10,2,116,6,43,67,20,7,9,4,1,0,0,0,0,1,0,1,0,0,0,0,0,0,26,1,0,0,1,6,2,1,3,12,1,7,4,7,0
FLINDERS,Minnipa,19,4,10,5,86,7,31,48,17,8,4,5,1,1,1,0,0,0,0,0,0,0,0,0,0,0,16,3,0,0,3,8,2,2,4,3,0,2,1,2,0
FLINDERS,North Shields,41,7,27,7,198,19,152,27,129,58,47,24,9,1,0,0,1,2,1,0,1,5,2,2,1,1,56,5,0,1,4,19,0,10,9,18,3,2,13,14,0
FLINDERS,Poochera,6,0,5,1,86,7,33,46,15,3,12,0,1,1,0,0,1,0,0,0,0,0,0,0,0,0,22,1,1,0,0,9,2,4,3,6,2,2,2,6,0
FLINDERS,Port Kenny,12,1,9,2,60,7,25,28,18,7,5,6,5,1,1,0,0,1,0,0,1,2,1,0,1,1,11,0,0,0,0,4,1,3,0,3,0,1,2,4,0
FLINDERS,Port Lincoln,445,68,278,99,799,94,571,134,539,256,192,91,77,27,14,3,10,9,5,3,1,32,19,0,13,9,305,54,14,12,28,73,15,28,30,84,30,19,35,94,5
FLINDERS,Port Lincoln Central,239,56,142,41,863,97,655,111,453,170,204,79,43,14,8,2,4,7,4,1,2,16,12,2,2,6,209,28,13,6,9,57,13,13,31,70,11,16,43,54,0
FLINDERS,Port Neill,11,4,7,0,73,9,25,39,35,19,13,3,3,1,0,0,1,0,0,0,0,2,1,0,1,0,8,2,2,0,0,3,2,1,0,1,0,1,0,2,0
FLINDERS,Smoky Bay,8,4,2,2,95,6,21,68,22,7,10,5,3,0,0,0,0,1,0,0,1,2,1,1,0,0,17,4,2,2,0,8,1,4,3,2,1,1,0,3,0
FLINDERS,Streaky Bay,92,15,57,20,426,56,149,221,164,63,72,29,25,9,2,6,1,4,2,1,1,7,4,0,3,5,82,11,4,4,3,27,5,10,12,22,3,7,12,22,0
FLINDERS,Tumby Bay,86,16,60,10,573,59,208,306,233,100,98,35,14,3,1,1,1,4,0,2,2,6,3,2,1,1,112,17,12,1,4,37,4,28,5,29,5,10,14,29,4
FLINDERS,Ungarra,15,8,6,1,118,6,48,64,33,12,17,4,0,0,0,0,0,0,0,0,0,0,0,0,0,0,20,3,0,2,1,13,0,7,6,3,0,1,2,1,0
FLINDERS,Wangary,20,3,14,3,90,9,37,44,59,26,29,4,6,2,2,0,0,0,0,0,0,4,4,0,0,0,14,1,0,0,1,4,0,2,2,5,0,5,0,4,0
FLINDERS,Wirrulla,12,5,6,1,94,13,40,41,17,3,9,5,0,0,0,0,0,0,0,0,0,0,0,0,0,0,10,1,1,0,0,4,0,2,2,3,0,1,2,2,0
FLINDERS,Wudinna,31,6,21,4,297,23,110,164,74,26,37,11,17,1,0,0,1,3,1,1,1,10,5,3,2,3,57,6,2,1,3,25,4,6,15,16,4,5,7,10,0
FLOREY,Ingle Farm,1184,197,567,420,514,111,278,125,578,311,166,101,122,73,33,12,28,12,7,3,2,27,19,3,5,10,364,92,38,17,37,63,9,31,23,111,36,25,50,98,6
FLOREY,Modbury Central,397,52,209,136,370,71,181,118,253,127,84,42,54,32,14,4,14,1,0,0,1,16,5,4,7,5,166,34,10,8,16,46,11,18,17,45,13,12,20,41,0
FLOREY,Modbury North,546,74,286,186,373,54,263,56,334,189,101,44,83,48,25,4,19,6,4,0,2,19,14,2,3,10,189,46,20,8,18,46,9,19,18,48,16,13,19,49,3
FLOREY,Modbury West,840,145,408,287,581,117,383,81,478,237,163,78,116,69,36,11,22,5,1,0,4,30,19,6,5,12,331,52,21,10,21,81,19,33,29,97,31,24,42,101,4
FLOREY,Para Vista,1027,151,518,358,530,83,360,87,541,259,195,87,114,72,35,8,29,10,5,3,2,25,19,2,4,7,379,89,26,20,43,72,8,27,37,119,40,30,49,99,6
FLOREY,Pooraka,1074,215,465,394,443,113,264,66,386,218,109,59,68,41,20,5,16,9,4,3,2,14,9,0,5,4,236,66,26,14,26,56,28,15,13,59,24,14,21,55,7
FLOREY,Pooraka North,535,92,248,195,222,35,140,47,202,100,70,32,36,19,7,2,10,2,1,0,1,9,5,1,3,6,162,40,15,11,14,30,11,6,13,41,18,4,19,51,3
FLOREY,Valley View,424,67,222,135,299,50,202,47,240,139,72,29,57,29,15,7,7,6,4,0,2,19,11,2,6,3,145,37,7,13,17,38,12,14,12,43,8,15,20,27,2
FLOREY,Walkley Heights,709,140,322,247,580,101,394,85,434,212,161,61,82,56,33,7,16,5,2,1,2,17,13,2,2,4,214,42,16,11,15,65,12,28,25,48,9,24,15,59,1
FROME,Blyth,22,4,13,5,178,24,46,108,39,14,19,6,4,1,1,0,0,0,0,0,0,3,2,0,1,0,57,10,5,2,3,15,2,6,7,16,2,8,6,16,0
FROME,Brinkworth,23,4,16,3,113,15,42,56,46,18,18,10,1,1,0,0,1,0,0,0,0,0,0,0,0,0,27,6,2,2,2,8,3,5,0,8,3,2,3,5,0
FROME,Crystal Brook,146,24,93,29,409,42,117,250,171,76,68,27,12,3,1,2,0,1,0,0,1,7,4,2,1,1,108,19,9,2,8,31,6,14,11,35,9,9,17,23,0
FROME,Georgetown,32,7,20,5,64,8,16,40,39,23,6,10,2,0,0,0,0,0,0,0,0,1,1,0,0,1,19,5,1,2,2,4,0,3,1,4,1,1,2,6,0
FROME,Napperby,100,8,73,19,108,16,38,54,100,52,25,23,6,3,2,0,1,0,0,0,0,3,2,0,1,0,61,15,5,2,8,14,4,3,7,18,8,3,7,14,0
FROME,Port Pirie West,830,118,475,237,425,74,266,85,541,300,130,111,59,30,10,8,12,8,4,2,2,12,8,2,2,9,341,85,26,12,47,65,17,20,28,102,34,11,57,89,2
FROME,Redhill,26,1,18,7,62,5,18,39,33,13,8,12,1,1,0,0,1,0,0,0,0,0,0,0,0,0,8,2,1,0,1,2,1,1,0,1,0,0,1,3,0
FROME,Risdon Park East,526,54,308,164,643,85,455,103,490,241,165,84,43,19,8,2,9,4,0,2,2,11,6,4,1,9,229,50,17,12,21,43,10,18,15,75,25,19,31,61,4
FROME,Risdon Park South,285,48,173,64,229,41,145,43,253,134,69,50,17,11,5,2,4,1,0,1,0,5,4,0,1,0,151,45,15,8,22,21,7,4,10,52,15,14,23,33,1
FROME,Solomontown,390,45,215,130,166,29,60,77,293,184,49,60,12,4,2,0,2,1,0,0,1,3,0,1,2,4,154,41,15,2,24,19,5,6,8,44,11,5,28,50,3
FROME,Auburn,63,7,32,24,203,18,66,119,101,47,42,12,9,4,4,0,0,1,0,0,1,3,1,1,1,1,53,10,2,4,4,12,4,5,3,15,3,5,7,16,1
FROME,Balaklava,209,30,105,74,645,59,504,82,208,82,91,35,11,6,2,2,2,1,0,0,1,4,2,2,0,0,233,27,9,3,15,76,12,31,33,68,19,19,30,62,1
FROME,Clare,315,42,180,93,991,99,749,143,364,158,158,48,69,29,15,2,12,6,4,2,0,30,17,4,9,4,240,36,14,9,13,83,15,30,38,70,18,24,28,51,2
FROME,Hamley Bridge,106,8,65,33,124,13,38,73,104,45,35,24,12,3,2,0,1,2,1,0,1,5,3,1,1,2,81,18,6,2,10,18,2,6,10,26,6,4,16,19,0
FROME,Manoora,25,3,14,8,134,26,42,66,39,13,16,10,4,1,1,0,0,1,0,1,0,2,1,0,1,0,29,4,2,1,1,8,3,3,2,13,1,8,4,4,0
FROME,Marrabel,16,0,9,7,62,11,44,7,12,5,5,2,3,1,1,0,0,1,0,1,0,1,0,1,0,0,19,3,2,1,0,5,0,5,0,7,1,3,3,4,0
FROME,Owen,55,11,30,14,130,16,47,67,60,29,22,9,9,3,0,1,2,2,0,2,0,4,0,1,3,0,57,6,3,0,3,17,5,9,3,20,6,7,7,14,0
FROME,Riverton,136,12,71,53,280,32,83,165,111,32,61,18,23,7,3,1,3,3,1,0,2,9,6,3,0,4,71,11,5,1,5,18,5,8,5,23,5,7,11,19,0
FROME,Saddleworth,38,9,25,4,138,10,52,76,69,27,25,17,10,3,2,1,0,5,2,1,2,1,1,0,0,1,32,5,2,1,2,4,1,1,2,15,3,7,5,8,0
FROME,Tarlee,58,8,34,16,128,14,48,66,54,24,18,12,8,3,2,1,0,0,0,0,0,2,2,0,0,3,44,8,0,3,5,12,2,7,3,14,3,2,9,10,0
FROME,Watervale,58,5,38,15,153,21,112,20,65,30,25,10,12,7,4,1,2,0,0,0,0,3,3,0,0,2,26,1,0,1,0,8,2,3,3,7,3,1,3,10,0
GIBSON,Brighton,444,61,241,142,1006,123,738,145,446,212,196,38,213,111,56,11,44,21,8,7,6,68,55,6,7,13,180,37,15,2,20,45,7,21,17,60,22,17,21,38,2
GIBSON,Brighton North,293,38,164,91,534,62,410,62,314,163,110,41,102,60,32,6,22,11,4,4,3,27,20,3,4,4,84,26,12,7,7,25,4,9,12,17,8,3,6,16,0
GIBSON,Brighton South,322,33,177,112,495,48,368,79,300,146,126,28,94,54,24,6,24,4,3,1,0,33,25,5,3,3,90,20,7,4,9,18,5,6,7,32,7,11,14,20,0
GIBSON,Brighton West,269,42,131,96,737,102,543,92,222,96,106,20,73,42,21,2,19,4,4,0,0,26,13,5,8,1,81,21,9,3,9,22,5,6,11,30,5,10,15,8,0
GIBSON,Marion,404,63,216,125,455,72,331,52,286,151,102,33,88,56,24,7,25,6,3,0,3,24,17,4,3,2,114,25,9,3,13,36,7,19,10,31,10,12,9,22,5
GIBSON,Oaklands Park,346,54,196,96,488,66,358,64,341,175,128,38,115,61,28,7,26,14,8,2,4,36,26,6,4,4,110,21,5,5,11,35,8,13,14,35,11,7,17,19,0
GIBSON,Panorama,289,49,173,67,654,76,491,87,335,168,118,49,155,76,43,9,24,10,7,2,1,65,46,9,10,4,109,16,5,0,11,34,9,13,12,35,17,11,7,24,0
GIBSON,Sturt,524,71,280,173,502,95,333,74,317,167,104,46,106,64,28,13,23,8,3,4,1,32,20,4,8,2,165,43,13,10,20,44,13,14,17,39,10,16,13,39,2
GIBSON,Warradale,591,91,286,214,843,108,487,248,497,222,202,73,139,86,43,14,29,6,4,1,1,40,21,9,10,7,203,40,13,3,24,59,13,27,19,58,23,15,20,46,3
GILES,Andamooka,29,9,13,7,49,9,21,19,29,11,12,6,2,1,1,0,0,1,0,0,1,0,0,0,0,0,29,4,1,2,1,9,1,2,6,10,2,1,7,6,0
GILES,Coober Pedy,187,36,113,38,197,43,77,77,148,77,45,26,15,6,4,1,1,1,0,1,0,7,1,4,2,1,97,21,5,11,5,26,4,14,8,22,8,3,11,28,9
GILES,Cowell,71,10,40,21,328,34,109,185,111,41,52,18,11,4,1,1,2,2,0,0,2,5,3,1,1,0,91,14,6,1,7,27,6,12,9,32,9,10,13,18,1
GILES,Hawker,18,1,13,4,98,12,21,65,31,13,12,6,2,0,0,0,0,0,0,0,0,2,0,2,0,0,12,3,0,1,2,2,2,0,0,4,1,0,3,3,0
GILES,Iron Knob,18,2,11,5,18,3,6,9,22,14,6,2,4,0,0,0,0,1,0,1,0,3,1,1,1,0,10,5,3,0,2,0,0,0,0,4,0,0,4,1,0
GILES,Kimba,26,8,15,3,286,34,79,173,90,39,40,11,4,1,0,1,0,1,0,1,0,2,1,1,0,0,39,2,1,0,1,20,5,11,4,7,1,3,3,10,0
GILES,Quorn,75,9,52,14,239,26,78,135,157,81,46,30,17,6,5,1,0,0,0,0,0,11,4,2,5,0,85,10,4,2,4,24,5,12,7,37,9,11,17,14,1
GILES,Roxby Downs,139,41,72,26,269,64,106,99,105,38,45,22,19,8,3,3,2,2,1,1,0,5,3,2,0,4,182,38,9,7,22,50,17,16,17,44,16,12,16,50,2
GILES,Whyalla Central East,346,41,202,103,287,32,218,37,312,171,99,42,11,7,6,0,1,0,0,0,0,4,4,0,0,0,80,18,4,8,6,16,2,8,6,31,13,10,8,15,0
GILES,Whyalla Central West,558,57,378,123,298,33,205,60,494,313,111,70,24,14,7,1,6,2,0,0,2,7,6,0,1,1,154,30,11,6,13,40,5,15,20,48,19,10,19,36,1
GILES,Whyalla Norrie East,716,70,471,175,296,49,221,26,449,283,90,76,32,14,7,4,3,3,1,0,2,12,7,4,1,3,198,56,21,11,24,30,10,8,12,63,29,3,31,49,4
GILES,Whyalla Norrie North,670,64,452,154,216,31,145,40,382,237,78,67,34,12,8,1,3,4,2,0,2,12,7,1,4,6,160,44,17,9,18,25,6,6,13,54,19,6,29,37,3
GILES,Whyalla Norrie South,803,62,531,210,205,39,142,24,478,291,102,85,25,13,6,1,6,0,0,0,0,12,7,2,3,0,230,55,17,7,31,34,5,12,17,86,33,20,33,55,3
GILES,Whyalla Stuart West,786,61,491,234,248,42,164,42,431,266,97,68,50,27,13,4,10,8,4,0,4,7,3,0,4,8,186,53,23,7,23,38,10,17,11,59,26,6,27,36,6
GILES,Woomera,15,2,13,0,24,6,11,7,16,10,5,1,1,1,1,0,0,0,0,0,0,0,0,0,0,0,17,6,1,3,2,4,1,0,3,7,0,2,5,0,0
HAMMOND,Cambrai,26,5,16,5,88,9,70,9,43,26,13,4,4,1,1,0,0,1,0,0,1,1,0,0,1,1,32,2,1,1,0,10,2,3,5,13,1,2,10,7,0
HAMMOND,Coomandook,8,1,6,1,69,10,50,9,19,6,13,0,2,0,0,0,0,0,0,0,0,2,1,1,0,0,17,0,0,0,0,9,2,4,3,7,2,1,4,1,0
HAMMOND,Jervois,24,2,13,9,115,15,87,13,46,12,28,6,5,3,1,0,2,0,0,0,0,2,1,0,1,0,20,2,0,1,1,5,1,3,1,10,2,3,5,3,0
HAMMOND,Karoonda,22,2,14,6,207,21,157,29,52,8,35,9,2,0,0,0,0,0,0,0,0,1,0,1,0,1,41,4,0,2,2,11,2,7,2,9,1,2,6,17,2
HAMMOND,Lameroo,49,11,29,9,268,23,196,49,60,12,40,8,5,1,0,1,0,1,0,1,0,1,0,1,0,2,70,10,1,6,3,20,7,6,7,21,2,5,14,19,0
HAMMOND,Mannum,300,27,182,91,518,40,392,86,404,194,128,82,33,15,10,1,4,1,1,0,0,9,3,1,5,8,190,33,16,5,12,43,5,17,21,59,16,13,30,55,2
HAMMOND,Murray Bridge,279,35,158,86,412,46,307,59,275,112,103,60,38,12,4,1,7,6,2,3,1,19,12,2,5,1,237,40,10,7,23,34,5,10,19,91,19,26,46,72,0
HAMMOND,Murray Bridge East,172,29,103,40,498,46,376,76,242,105,105,32,34,18,10,2,6,4,1,1,2,8,3,4,1,4,162,28,10,4,14,37,6,21,10,48,8,16,24,49,1
HAMMOND,Murray Bridge South,532,84,317,131,626,76,433,117,410,207,141,62,62,29,10,8,11,5,2,1,2,16,9,5,2,12,381,103,26,24,53,77,24,37,16,91,23,24,44,110,3
HAMMOND,Murray Bridge West,277,43,162,72,495,56,372,67,285,114,110,61,46,18,7,5,6,6,1,1,4,13,8,1,4,9,243,53,20,10,23,53,12,17,24,78,14,23,41,59,1
HAMMOND,Mypolonga,46,8,30,8,126,10,102,14,73,31,31,11,10,5,4,0,1,1,0,0,1,4,2,1,1,0,39,10,4,0,6,10,1,8,1,7,2,1,4,12,0
HAMMOND,Nildottie,16,3,10,3,67,6,54,7,27,9,16,2,2,0,0,0,0,0,0,0,0,1,0,1,0,1,17,2,1,1,0,3,0,2,1,7,3,1,3,5,0
HAMMOND,Palmer,33,3,26,4,127,17,86,24,68,32,21,15,6,2,2,0,0,1,0,0,1,2,1,1,0,1,56,8,4,1,3,16,4,6,6,20,1,7,12,12,1
HAMMOND,Peake,5,0,4,1,71,7,55,9,8,4,3,1,1,0,0,0,0,0,0,0,0,0,0,0,0,1,20,0,0,0,0,10,2,5,3,5,2,1,2,5,0
HAMMOND,Pinnaroo,45,13,28,4,205,27,150,28,91,21,54,16,8,2,2,0,0,0,0,0,0,3,3,0,0,3,64,9,4,0,5,26,4,13,9,18,3,4,11,11,0
HAMMOND,Ponde,25,5,12,8,64,4,51,9,44,16,25,3,8,3,2,1,0,0,0,0,0,4,0,1,3,1,18,6,2,1,3,3,1,1,1,3,1,1,1,6,2
HAMMOND,Purnong,6,1,5,0,45,2,31,12,22,14,6,2,0,0,0,0,0,0,0,0,0,0,0,0,0,0,14,1,1,0,0,7,1,4,2,3,0,1,2,3,0
HAMMOND,Tailem Bend,220,25,146,49,345,43,256,46,243,109,88,46,30,15,8,0,7,4,2,0,2,8,5,0,3,3,186,34,15,5,14,38,8,16,14,57,19,14,24,57,0
HAMMOND,Walker Flat,19,2,15,2,37,5,22,10,34,12,10,12,2,2,1,0,1,0,0,0,0,0,0,0,0,0,8,1,1,0,0,2,0,2,0,4,2,2,0,1,0
HAMMOND,Wellington,14,3,7,4,82,8,64,10,34,11,19,4,0,0,0,0,0,0,0,0,0,0,0,0,0,0,16,4,3,0,1,1,0,0,1,7,1,2,4,4,0
HAMMOND,Woods Point,23,1,16,6,92,6,70,16,34,14,12,8,6,3,3,0,0,1,0,1,0,1,1,0,0,1,21,3,0,2,1,5,2,1,2,4,1,1,2,9,0
HAMMOND,Callington,66,8,49,9,87,9,58,20,101,40,37,24,15,5,3,1,1,1,0,0,1,8,7,1,0,1,75,13,8,3,2,19,4,11,4,33,5,13,15,10,0
HAMMOND,Langhorne Creek,31,6,22,3,244,17,198,29,135,38,72,25,11,3,2,0,1,0,0,0,0,8,5,1,2,0,47,8,1,4,3,11,2,7,2,18,5,2,11,10,1
HAMMOND,Milang,70,9,49,12,238,18,182,38,268,130,96,42,28,9,4,0,5,7,3,1,3,11,7,1,3,1,93,13,6,3,4,27,10,11,6,34,8,11,15,19,0
HARTLEY,Campbelltown,627,104,329,194,775,117,567,91,490,233,182,75,108,52,26,1,25,17,6,3,8,32,20,5,7,7,201,46,15,12,19,56,15,25,16,52,18,11,23,47,3
HARTLEY,Hectorville,539,87,281,171,572,103,384,85,421,226,137,58,107,61,26,11,24,9,4,3,2,31,23,4,4,6,164,23,9,6,8,39,13,14,12,54,15,14,25,48,10
HARTLEY,Magill (Sturt),413,101,207,105,884,146,604,134,387,189,145,53,128,78,53,9,16,8,4,2,2,40,27,8,5,2,162,17,3,4,10,53,15,25,13,53,20,11,22,39,0
HARTLEY,Newton,503,86,269,148,583,138,377,68,432,234,143,55,81,46,22,3,21,6,3,3,0,22,16,2,4,7,128,35,14,9,12,28,5,14,9,28,11,6,11,37,3
HARTLEY,Tranmere,416,60,237,119,856,127,606,123,429,213,172,44,143,79,38,10,31,13,7,3,3,46,35,6,5,5,148,28,10,4,14,44,8,28,8,43,15,8,20,33,1
HEYSEN,Aldgate,196,21,135,40,582,62,427,93,489,255,174,60,171,72,50,8,14,6,2,3,1,88,67,8,13,5,94,14,5,4,5,32,6,14,12,23,7,5,11,25,0
HEYSEN,Ashbourne,24,3,19,2,103,15,80,8,61,27,21,13,13,4,3,0,1,0,0,0,0,8,3,2,3,1,24,4,2,0,2,6,1,4,1,8,1,3,4,6,0
HEYSEN,Bridgewater,193,25,118,50,355,42,261,52,371,198,127,46,198,100,53,8,39,8,7,0,1,83,69,3,11,7,103,19,7,2,10,25,4,11,10,44,12,11,21,15,0
HEYSEN,Clarendon,59,12,39,8,178,13,134,31,127,49,67,11,26,15,7,1,7,2,0,1,1,5,3,1,1,4,50,6,1,4,1,15,2,8,5,22,4,6,12,7,0
HEYSEN,Crafers,134,22,87,25,410,47,307,56,290,153,110,27,127,51,30,1,20,7,4,3,0,63,50,4,9,6,50,8,4,3,1,15,2,6,7,16,5,4,7,11,0
HEYSEN,Echunga,80,19,50,11,294,27,216,51,232,93,104,35,59,22,12,6,4,4,2,2,0,27,16,6,5,6,82,15,2,4,9,30,4,15,11,25,5,12,8,12,0
HEYSEN,Kangarilla,80,11,51,18,186,19,138,29,182,79,72,31,26,11,6,3,2,0,0,0,0,12,10,0,2,3,49,12,6,4,2,11,2,4,5,16,3,5,8,10,1
HEYSEN,Longwood,31,3,26,2,126,17,90,19,108,52,42,14,50,25,11,0,14,3,1,1,1,21,16,2,3,1,25,5,0,2,3,8,1,3,4,8,0,2,6,4,0
HEYSEN,Macclesfield,106,12,79,15,251,20,192,39,245,119,82,44,104,44,20,2,22,3,1,1,1,51,40,4,7,6,74,8,5,0,3,19,5,6,8,29,6,5,18,18,0
HEYSEN,Meadows,122,17,87,18,354,32,265,57,293,111,130,52,72,33,18,5,10,6,4,1,1,29,19,2,8,4,123,21,6,4,11,38,5,21,12,32,4,14,14,32,1
HEYSEN,Mylor,90,8,63,19,278,26,203,49,197,86,87,24,86,37,15,2,20,2,1,0,1,47,34,6,7,0,46,9,3,2,4,8,3,2,3,24,7,6,11,5,0
HEYSEN,Stirling East,119,14,81,24,388,37,301,50,261,143,100,18,113,48,23,8,17,8,5,2,1,53,44,1,8,4,40,6,3,2,1,11,0,8,3,19,7,9,3,4,0
HEYSEN,Stirling West,199,23,136,40,720,81,540,99,404,204,165,35,164,73,42,6,25,17,6,7,4,70,56,6,8,4,98,18,7,2,9,32,10,14,8,35,13,11,11,13,1
HEYSEN,Strathalbyn,361,50,230,81,1048,102,817,129,941,434,338,169,137,53,24,9,20,10,4,4,2,66,42,10,14,8,383,54,18,12,24,85,10,48,27,128,31,41,56,116,0
HEYSEN,Upper Sturt,53,13,33,7,127,12,99,16,131,61,52,18,52,31,14,2,15,2,1,1,0,18,12,4,2,1,54,10,4,4,2,17,4,9,4,14,4,2,8,13,0
HEYSEN,Woodchester,54,10,36,8,208,14,168,26,147,51,62,34,17,9,3,0,6,0,0,0,0,6,3,1,2,2,70,9,2,0,7,25,5,15,5,22,7,7,8,14,0
HURTLE VALE,Happy Valley (Kingston),439,66,229,144,521,87,383,51,326,155,137,34,75,38,13,10,15,5,2,3,0,29,19,3,7,3,172,36,13,8,15,36,7,16,13,57,24,14,19,43,0
HURTLE VALE,Morphett Vale East,372,39,180,153,220,41,156,23,188,93,56,39,40,20,12,3,5,2,2,0,0,14,9,2,3,4,150,37,15,5,17,27,7,5,15,46,17,9,20,40,0
HURTLE VALE,Onkaparinga Hills,545,75,265,205,276,47,179,50,292,151,91,50,58,37,16,3,18,1,1,0,0,15,10,1,4,5,198,54,14,9,31,36,9,10,17,58,21,18,19,50,0
HURTLE VALE,Pimpala,687,88,313,286,381,78,158,145,350,177,110,63,72,44,13,8,23,4,1,2,1,18,11,3,4,6,288,66,18,12,36,64,23,24,17,83,32,13,38,75,2
HURTLE VALE,Reynella,872,100,437,335,557,103,201,253,457,245,151,61,90,55,23,11,21,4,2,1,1,23,14,5,4,8,262,71,31,10,30,71,12,30,29,63,23,13,27,57,2
HURTLE VALE,Reynella East,976,159,449,368,684,132,476,76,530,294,181,55,105,62,20,10,32,4,2,0,2,33,23,6,4,6,342,95,24,27,44,72,20,30,22,113,43,35,35,62,2
HURTLE VALE,Woodcroft,1333,216,658,459,1070,224,728,118,666,349,226,91,137,83,33,15,35,8,4,2,2,38,21,7,10,8,459,123,42,22,59,100,21,45,34,128,38,45,45,108,3
HURTLE VALE,Woodcroft South,618,95,307,216,465,87,314,64,383,189,131,63,85,44,27,5,12,7,2,2,3,26,16,3,7,8,209,59,19,8,32,40,10,12,18,65,20,14,31,45,2
KAURNA,Hackham East,1151,127,545,479,653,98,407,148,689,373,214,102,133,72,26,11,35,11,6,3,2,33,19,3,11,17,464,137,47,21,69,81,20,24,37,123,34,32,57,123,2
KAURNA,Hackham South,622,80,301,241,259,59,152,48,254,144,62,48,58,31,15,7,9,5,1,2,2,16,11,0,5,6,210,70,17,12,41,33,10,11,12,47,17,9,21,60,5
KAURNA,Maslin Beach,265,35,136,94,194,29,130,35,169,90,50,29,84,51,22,7,22,8,2,3,3,23,16,1,6,2,100,20,7,2,11,23,6,8,9,31,15,6,10,26,0
KAURNA,Moana,690,85,334,271,464,79,326,59,376,199,123,54,139,75,28,11,36,9,3,3,3,48,31,5,12,7,223,54,15,8,31,42,11,12,19,59,21,11,27,68,1
KAURNA,Noarlunga Downs,663,79,293,291,257,54,163,40,241,120,83,38,48,32,20,3,9,0,0,0,0,10,8,0,2,6,211,59,20,11,28,38,7,16,15,56,20,8,28,58,1
KAURNA,Old Noarlunga,346,43,172,131,271,38,187,46,227,127,63,37,58,34,19,4,11,3,1,0,2,19,10,5,4,2,157,40,14,11,15,27,7,7,13,51,13,14,24,39,0
KAURNA,Seaford,669,78,313,278,360,56,248,56,416,226,109,81,117,72,34,10,28,8,4,1,3,30,24,2,4,7,236,69,26,12,31,49,16,18,15,66,23,10,33,52,0
KAURNA,Seaford Meadows,730,122,331,277,423,68,290,65,299,170,98,31,94,53,22,9,22,8,3,3,2,27,20,1,6,6,218,58,17,11,30,36,7,13,16,63,28,13,22,61,0
KAURNA,Seaford Rise,1035,155,439,441,557,113,350,94,469,246,147,76,132,74,36,5,33,9,5,3,1,32,21,5,6,17,302,82,29,18,35,54,17,20,17,95,31,26,38,71,4
KAVEL,Brukunga,34,6,21,7,101,7,80,14,114,43,45,26,15,6,4,2,0,0,0,0,0,9,8,1,0,0,31,4,4,0,0,10,0,8,2,12,2,4,6,5,0
KAVEL,Charleston,53,9,33,11,183,16,139,28,113,53,39,21,14,6,2,1,3,0,0,0,0,7,3,1,3,1,34,6,3,1,2,11,3,4,4,8,3,4,1,9,0
KAVEL,Hahndorf,144,19,103,22,662,68,495,99,383,169,161,53,95,38,27,4,7,6,4,0,2,43,30,10,3,8,122,16,7,3,6,36,4,19,13,45,10,18,17,25,0
KAVEL,Littlehampton,212,38,141,33,585,75,429,81,409,182,175,52,96,39,22,2,15,9,3,5,1,42,29,7,6,6,140,14,2,4,8,50,5,26,19,47,12,14,21,29,0
KAVEL,Mount Barker,560,74,363,123,910,128,661,121,794,381,275,138,244,108,53,17,38,16,7,3,6,104,66,13,25,16,433,83,27,16,40,100,16,41,43,132,34,44,54,118,4
KAVEL,Mount Barker Central,293,32,203,58,528,64,392,72,508,249,188,71,142,60,36,4,20,3,0,1,2,67,53,9,5,12,185,26,13,5,8,53,7,22,24,55,14,22,19,51,1
KAVEL,Nairne,320,30,218,72,564,59,418,87,604,310,202,92,160,74,36,8,30,18,7,5,6,62,47,6,9,6,228,42,16,10,16,50,12,21,17,73,19,18,36,63,0
KAVEL,Oakbank,159,22,106,31,569,53,441,75,372,166,146,60,94,36,20,7,9,8,3,1,4,46,29,8,9,4,104,10,2,5,3,30,3,13,14,38,8,16,14,26,0
KAVEL,Piccadilly,50,16,28,6,219,26,156,37,150,71,61,18,46,21,12,2,7,3,2,1,0,20,18,1,1,2,36,2,1,0,1,14,3,7,4,12,2,6,4,8,1
KAVEL,Woodside,145,14,94,37,563,44,450,69,316,144,122,50,88,31,15,4,12,9,5,2,2,43,29,9,5,5,126,15,4,3,8,32,10,14,8,45,10,16,19,34,1
KING,Golden Grove,214,27,105,82,460,35,281,144,227,98,108,21,17,9,3,1,5,2,1,1,0,5,1,1,3,1,85,13,7,1,5,28,6,9,13,21,4,10,7,23,0
KING,Golden Grove Central,573,96,275,202,625,93,342,190,328,163,124,41,84,48,22,5,21,12,6,2,4,19,13,2,4,5,223,49,14,7,28,51,13,19,19,51,11,13,27,72,1
KING,Golden Grove East,833,140,418,275,810,132,591,87,439,227,168,44,102,54,21,12,21,11,4,4,3,34,16,9,9,3,266,73,21,23,29,62,13,26,23,62,24,9,29,69,3
KING,Greenwith,740,98,363,279,782,147,409,226,479,225,179,75,100,53,14,2,37,8,3,4,1,30,16,4,10,9,284,69,22,22,25,61,16,20,25,86,36,21,29,68,3
KING,Greenwith West,714,98,347,269,815,151,473,191,479,232,180,67,100,58,30,9,19,6,5,1,0,32,19,3,10,4,271,48,9,17,22,63,16,18,29,80,23,21,36,80,5
KING,Salisbury East Estate,497,74,234,189,320,49,227,44,252,137,69,46,41,27,14,3,10,0,0,0,0,11,7,1,3,3,240,48,12,10,26,61,11,22,28,61,31,12,18,70,2
KING,Salisbury Heights,697,106,347,244,651,87,439,125,451,197,192,62,63,39,22,5,12,6,3,3,0,13,7,4,2,5,305,69,23,8,38,76,7,31,38,79,27,20,32,81,0
KING,Hillbank,407,41,214,152,263,45,190,28,263,130,83,50,44,21,8,3,10,6,3,0,3,12,10,1,1,5,199,47,15,9,23,44,8,13,23,61,17,17,27,47,0
KING,One Tree Hill,192,26,118,48,397,51,260,86,244,109,101,34,37,22,14,2,6,3,1,1,1,10,5,3,2,2,173,25,12,5,8,48,7,12,29,64,18,26,20,36,0
KING,Salisbury Park,627,83,315,229,343,76,229,38,337,182,95,60,44,21,11,5,5,0,0,0,0,15,11,1,3,8,284,57,25,5,27,39,4,16,19,98,34,24,40,90,2
LEE,Grange,572,75,293,204,1168,136,870,162,477,222,215,40,157,93,49,16,28,17,7,6,4,47,32,6,9,0,177,36,16,5,15,46,10,14,22,63,29,9,25,32,2
LEE,Royal Park South (Hindmarsh),234,27,129,78,247,26,186,35,130,60,52,18,15,5,2,1,2,2,2,0,0,4,2,2,0,4,48,12,2,2,8,14,4,7,3,10,5,0,5,12,4
LEE,Seaton (Hindmarsh),526,63,268,195,344,63,222,59,196,109,60,27,41,22,8,4,10,3,0,2,1,12,6,1,5,4,111,27,9,5,13,24,5,11,8,24,8,4,12,36,1
LEE,Seaton West,635,72,314,249,753,81,566,106,379,182,151,46,39,23,12,6,5,4,4,0,0,11,7,1,3,1,161,29,11,6,12,44,9,21,14,41,15,13,13,47,4
LEE,Semaphore Park,532,44,248,240,306,57,209,40,303,202,66,35,62,42,16,5,21,5,2,1,2,13,7,1,5,2,117,29,14,3,12,26,6,10,10,29,9,10,10,33,0
LEE,West Lakes Shore,953,108,480,365,1721,186,1287,248,747,366,302,79,106,62,29,7,26,11,6,3,2,27,17,5,5,6,275,43,18,7,18,86,25,22,39,89,33,18,38,57,2
LEE,Royal Park,548,63,282,203,240,53,141,46,234,131,66,37,50,40,15,3,22,4,3,0,1,3,0,2,1,3,130,29,13,2,14,25,6,8,11,37,18,9,10,39,3
LEE,Royal Park South (Port Adelaide),412,50,190,172,191,40,108,43,174,98,47,29,55,33,13,8,12,3,0,2,1,12,9,0,3,7,145,37,11,5,21,30,5,11,14,40,11,9,20,38,0
LEE,Seaton (Port Adelaide),138,21,71,46,104,18,68,18,55,30,15,10,18,10,3,1,6,0,0,0,0,6,2,0,4,2,32,7,1,0,6,11,2,3,6,4,1,0,3,10,1
LEE,Seaton Park,768,131,341,296,438,98,261,79,308,150,114,44,56,39,17,12,10,2,0,1,1,13,6,2,5,2,167,48,20,7,21,36,12,10,14,49,11,10,28,34,2
LIGHT,Evanston,571,73,279,219,423,56,288,79,359,172,111,76,71,38,13,9,16,3,2,0,1,18,11,2,5,12,339,95,38,19,38,73,21,27,25,76,32,14,30,95,4
LIGHT,Evanston Gardens,578,79,280,219,470,53,340,77,360,175,117,68,64,35,20,4,11,4,3,0,1,20,14,2,4,5,289,82,23,10,49,60,16,21,23,79,26,19,34,68,3
LIGHT,Evanston South,258,36,116,106,295,55,108,132,161,75,63,23,48,28,17,7,4,5,2,1,2,12,6,2,4,3,137,38,12,10,16,27,6,12,9,39,8,15,16,33,0
LIGHT,Gawler,351,45,176,130,465,61,326,78,293,122,127,44,69,30,12,0,18,7,3,3,1,25,13,5,7,7,168,32,10,4,18,32,6,9,17,53,17,15,21,51,0
LIGHT,Gawler East,505,77,249,179,646,85,474,87,413,193,165,55,88,46,19,3,24,5,2,1,2,31,17,7,7,6,234,37,10,11,16,47,14,16,17,94,26,22,46,56,3
LIGHT,Gawler South,555,64,274,217,714,88,520,106,444,218,152,74,88,45,18,7,20,4,2,1,1,37,23,8,6,2,271,55,10,16,29,70,12,32,26,77,26,23,28,69,1
LIGHT,Gawler West,306,41,149,116,260,25,186,49,246,113,83,50,44,23,9,4,10,3,1,1,1,16,7,3,6,2,188,37,16,5,16,32,7,14,11,60,23,20,17,59,2
LIGHT,Munno Para,477,51,229,197,113,21,74,18,187,108,42,37,44,21,11,4,6,3,2,1,0,13,6,2,5,7,199,51,14,12,25,30,8,9,13,59,13,19,27,59,0
LIGHT,Munno Para West,628,110,273,245,221,67,103,51,180,97,44,39,69,44,19,6,19,6,2,1,3,15,12,0,3,4,286,84,30,13,41,48,10,17,21,75,26,11,38,79,3
LIGHT,Willaston - Hewett,744,110,357,277,873,145,613,115,542,236,216,90,107,62,28,17,17,8,6,1,1,28,14,3,11,9,379,93,33,18,42,85,24,28,33,103,30,30,43,98,0
MACKILLOP,Beachport,34,4,28,2,194,19,146,29,59,24,27,8,13,1,1,0,0,1,0,1,0,7,4,0,3,4,31,3,0,1,2,10,1,6,3,10,2,3,5,8,0
MACKILLOP,Bordertown,199,51,107,41,859,73,623,163,243,83,115,45,26,11,6,3,2,4,1,1,2,6,4,1,1,5,269,38,8,5,25,84,14,42,28,62,11,16,35,85,2
MACKILLOP,Coonalpyn,17,6,11,0,157,12,74,71,43,9,25,9,5,0,0,0,0,1,0,0,1,1,1,0,0,3,35,2,0,2,0,15,3,1,11,8,1,5,2,10,0
MACKILLOP,Coonawarra,11,1,7,3,127,12,95,20,38,12,22,4,4,1,1,0,0,1,1,0,0,2,1,1,0,0,11,0,0,0,0,7,2,1,4,4,1,2,1,0,0
MACKILLOP,Frances,9,0,7,2,61,4,49,8,12,5,7,0,2,2,0,1,1,0,0,0,0,0,0,0,0,0,14,1,0,0,1,7,3,0,4,2,1,1,0,4,0
MACKILLOP,Furner,2,0,1,1,77,5,54,18,13,5,8,0,1,0,0,0,0,0,0,0,0,1,0,1,0,0,15,1,0,0,1,7,0,4,3,5,0,2,3,2,0
MACKILLOP,Glencoe,53,12,29,12,140,14,111,15,83,30,36,17,11,2,0,0,2,3,2,0,1,5,2,3,0,1,53,5,1,1,3,18,6,6,6,16,3,4,9,14,0
MACKILLOP,Kalangadoo,54,12,31,11,131,13,91,27,50,24,18,8,8,1,0,0,1,1,1,0,0,5,5,0,0,1,47,9,5,2,2,12,4,2,6,15,3,0,12,11,0
MACKILLOP,Keith,68,16,39,13,497,36,377,84,182,48,111,23,19,6,3,1,2,2,0,1,1,8,4,2,2,3,102,10,4,2,4,32,5,19,8,33,6,13,14,27,1
MACKILLOP,Kingston SE,137,23,90,24,623,66,455,102,203,82,89,32,15,9,1,5,3,0,0,0,0,4,2,0,2,2,170,22,9,4,9,55,11,28,16,50,13,15,22,43,3
MACKILLOP,Lucindale,26,8,18,0,269,24,194,51,50,17,26,7,4,1,1,0,0,1,0,0,1,2,2,0,0,0,44,4,2,0,2,17,3,7,7,10,3,2,5,13,0
MACKILLOP,Meningie,118,23,75,20,383,35,290,58,154,42,91,21,13,3,1,0,2,2,1,1,0,8,4,1,3,0,83,15,4,5,6,26,3,12,11,25,7,6,12,17,3
MACKILLOP,Millicent,369,37,234,98,606,50,452,104,507,246,156,105,35,14,7,3,4,5,2,1,2,11,3,5,3,5,203,47,19,8,20,54,17,16,21,68,21,18,29,34,1
MACKILLOP,Millicent South,234,31,153,50,278,34,197,47,294,151,100,43,25,9,3,2,4,5,3,0,2,9,5,3,1,2,135,23,6,7,10,25,4,7,14,48,13,10,25,39,2
MACKILLOP,Mount Burr,56,2,34,20,55,12,34,9,56,35,16,5,8,4,3,0,1,0,0,0,0,2,1,0,1,2,32,8,2,2,4,3,1,1,1,11,3,4,4,10,1
MACKILLOP,Mundulla,28,5,19,4,249,21,178,50,46,15,25,6,6,4,3,0,1,0,0,0,0,2,2,0,0,0,60,2,0,1,1,30,5,15,10,18,2,7,9,10,0
MACKILLOP,Nangwarry,117,10,67,40,68,15,36,17,80,46,18,16,5,2,0,1,1,0,0,0,0,2,1,0,1,1,54,13,4,4,5,7,1,3,3,24,7,7,10,10,1
MACKILLOP,Naracoorte,188,38,108,42,792,81,591,120,325,124,148,53,31,6,1,2,3,3,1,1,1,16,4,7,5,6,282,44,14,4,26,91,18,44,29,74,10,31,33,73,4
MACKILLOP,Naracoorte South,215,43,126,46,769,76,549,144,308,112,144,52,33,8,3,4,1,4,2,2,0,14,8,3,3,7,258,39,10,14,15,80,17,30,33,73,12,22,39,66,1
MACKILLOP,Narrung,12,0,8,4,14,4,9,1,10,3,5,2,2,0,0,0,0,1,0,0,1,1,1,0,0,0,4,2,0,0,2,1,0,1,0,1,0,1,0,0,0
MACKILLOP,Padthaway,22,5,13,4,138,15,93,30,40,18,20,2,3,1,0,1,0,1,0,1,0,0,0,0,0,1,51,4,0,2,2,19,4,7,8,12,4,3,5,16,0
MACKILLOP,Penola,113,22,76,15,432,56,296,80,166,68,70,28,23,10,5,4,1,3,2,0,1,7,7,0,0,3,112,16,4,2,10,32,6,9,17,28,5,5,18,36,2
MACKILLOP,Rendelsham,21,2,13,6,93,7,72,14,27,9,13,5,3,1,1,0,0,0,0,0,0,2,1,1,0,0,11,1,1,0,0,4,0,4,0,5,0,4,1,1,0
MACKILLOP,Robe,34,5,23,6,402,40,297,65,137,54,68,15,16,2,2,0,0,5,2,2,1,8,4,3,1,1,56,7,3,0,4,16,2,5,9,19,2,9,8,14,0
MACKILLOP,Southend,15,3,9,3,76,11,44,21,27,12,11,4,3,0,0,0,0,0,0,0,0,3,3,0,0,0,12,1,0,0,1,4,1,1,2,2,1,1,0,5,0
MACKILLOP,Tantanoola,43,5,27,11,115,12,81,22,76,34,28,14,10,2,1,0,1,0,0,0,0,7,3,0,4,1,44,7,2,2,3,10,2,6,2,14,5,2,7,13,0
MACKILLOP,Tintinara,13,4,6,3,235,24,177,34,37,11,23,3,1,0,0,0,0,1,0,1,0,0,0,0,0,0,32,2,0,1,1,13,3,5,5,15,3,8,4,2,0
MACKILLOP,Western Flat,6,0,6,0,70,14,48,8,17,3,12,2,0,0,0,0,0,0,0,0,0,0,0,0,0,0,11,0,0,0,0,7,1,3,3,3,0,1,2,1,0
MACKILLOP,Willalooka,15,6,7,2,72,9,52,11,10,4,6,0,1,0,0,0,0,0,0,0,0,1,0,1,0,0,17,4,1,3,0,6,2,3,1,5,1,1,3,2,0
MACKILLOP,Wolseley,22,4,12,6,66,9,46,11,24,8,12,4,5,3,0,0,3,0,0,0,0,1,0,1,0,1,20,3,0,1,2,7,1,1,5,6,1,1,4,4,0
MAWSON,Aldinga Beach,965,96,458,411,565,85,394,86,546,291,164,91,204,117,57,14,46,8,4,2,2,66,48,4,14,13,438,125,45,18,62,69,13,27,29,125,38,33,54,119,0
MAWSON,Aldinga Beach West,645,95,317,233,476,72,322,82,417,230,118,69,135,75,34,10,31,6,2,0,4,41,31,2,8,13,229,53,19,12,22,42,8,17,17,67,22,15,30,67,1
MAWSON,Sellicks Beach,341,31,175,135,265,36,186,43,281,142,73,66,112,58,28,6,24,12,6,1,5,34,26,3,5,8,137,32,9,5,18,25,7,12,6,47,16,14,17,33,1
MAWSON,American River,17,4,11,2,62,4,41,17,72,35,27,10,13,4,4,0,0,0,0,0,0,7,6,0,1,2,30,7,3,1,3,8,1,2,5,6,1,2,3,9,0
MAWSON,Kingscote,169,26,121,22,470,52,319,99,323,126,138,59,59,27,12,4,11,7,2,3,2,25,17,5,3,0,129,17,9,3,5,32,7,13,12,49,10,17,22,31,2
MAWSON,Mclaren Flat,164,36,94,34,468,61,352,55,236,121,84,31,48,23,12,1,10,2,0,0,2,18,13,2,3,5,95,19,8,6,5,21,3,12,6,36,15,8,13,19,0
MAWSON,Mclaren Vale,327,38,217,72,768,62,603,103,455,227,167,61,128,54,22,8,24,5,1,2,2,64,37,13,14,5,162,16,7,4,5,51,11,22,18,57,15,18,24,38,1
MAWSON,Myponga,72,14,43,15,211,28,155,28,126,68,38,20,32,6,3,3,0,1,0,0,1,20,12,3,5,5,66,15,4,2,9,10,1,3,6,20,1,5,14,21,0
MAWSON,Parndana,17,4,11,2,166,20,114,32,72,27,36,9,16,4,4,0,0,2,0,1,1,10,4,1,5,0,35,3,1,0,2,12,2,5,5,12,3,3,6,8,0
MAWSON,Penneshaw,35,2,27,6,118,12,79,27,80,37,32,11,27,10,4,1,5,2,0,2,0,14,12,0,2,1,33,3,2,1,0,7,1,1,5,11,5,2,4,12,0
MAWSON,Second Valley,25,2,18,5,63,6,38,19,45,20,19,6,4,3,1,0,2,0,0,0,0,1,0,1,0,0,13,7,2,0,5,1,0,1,0,3,1,1,1,2,0
MAWSON,Willunga,303,38,192,73,629,76,477,76,458,234,157,67,187,79,41,8,30,9,5,4,0,94,67,12,15,5,166,26,15,3,8,50,9,22,19,52,15,16,21,38,0
MAWSON,Yankalilla,305,31,180,94,607,63,432,112,503,237,177,89,104,34,23,5,6,12,4,3,5,51,41,4,6,7,161,31,16,3,12,48,6,24,18,48,15,12,21,34,2
MAYSON,Delamere,33,5,21,7,83,5,57,21,67,30,26,11,7,2,1,0,1,1,0,1,0,4,2,2,0,0,30,5,1,0,4,7,1,4,2,15,1,4,10,3,0
MORIALTA,Birdwood,91,14,60,17,305,26,225,54,233,103,86,44,28,12,7,2,3,1,1,0,0,15,11,1,3,0,100,18,8,0,10,28,1,17,10,31,10,7,14,23,2
MORIALTA,Cudlee Creek,24,4,17,3,78,7,57,14,58,25,19,14,9,2,0,1,1,0,0,0,0,7,4,1,2,0,33,4,2,1,1,11,2,5,4,14,1,8,5,4,0
MORIALTA,Gumeracha,68,6,52,10,213,24,144,45,184,87,74,23,33,11,8,0,3,3,1,0,2,18,13,1,4,1,56,7,2,1,4,24,4,14,6,20,6,6,8,5,1
MORIALTA,Lenswood,36,3,24,9,140,9,119,12,99,46,42,11,12,5,2,1,2,1,1,0,0,6,5,0,1,0,52,9,3,3,3,12,0,7,5,24,9,6,9,7,0
MORIALTA,Lobethal,173,24,105,44,403,36,318,49,396,180,155,61,74,22,15,0,7,7,2,4,1,40,27,4,9,5,120,10,5,2,3,37,3,18,16,54,11,20,23,19,1
MORIALTA,Magill (Mayo),105,20,65,20,252,17,196,39,153,71,60,22,49,19,11,2,6,1,1,0,0,25,18,3,4,4,43,5,2,2,1,25,2,14,9,11,4,4,3,2,0
MORIALTA,Mount Torrens,32,2,21,9,141,14,98,29,119,47,52,20,23,12,5,2,5,1,1,0,0,10,5,4,1,0,46,5,2,0,3,16,0,8,8,13,2,6,5,12,0
MORIALTA,Norton Summit,64,10,42,12,185,25,130,30,195,104,71,20,47,19,10,2,7,2,2,0,0,26,21,3,2,0,35,6,4,1,1,12,5,3,4,11,3,2,6,6,0
MORIALTA,Summertown,80,10,61,9,277,30,206,41,187,80,84,23,68,30,19,5,6,1,1,0,0,32,21,7,4,5,62,9,6,0,3,18,3,10,5,25,7,9,9,10,0
MORIALTA,Uraidla,55,6,44,5,253,30,185,38,187,95,70,22,59,25,9,4,12,3,3,0,0,29,24,3,2,2,40,5,3,1,1,14,2,8,4,15,4,6,5,6,1
MORIALTA,Athelstone,679,104,379,196,1196,144,888,164,783,377,320,86,152,77,29,7,41,15,9,4,2,52,39,5,8,8,284,56,23,6,27,77,15,32,30,83,33,26,24,68,1
MORIALTA,Athelstone West,593,99,328,166,857,119,607,131,489,228,206,55,111,52,23,6,23,4,3,0,1,47,38,5,4,8,233,35,15,7,13,58,14,25,19,78,28,28,22,62,6
MORIALTA,Highbury South,562,89,324,149,1015,107,791,117,605,303,226,76,111,54,26,7,21,15,6,6,3,33,21,4,8,9,257,29,14,4,11,86,12,38,36,71,22,25,24,71,4
MORIALTA,Highbury West,156,28,94,34,323,45,231,47,190,97,73,20,39,22,9,2,11,2,0,0,2,13,10,0,3,2,76,8,1,4,3,31,3,21,7,23,6,6,11,14,0
MORIALTA,Rostrevor,421,59,250,112,734,107,535,92,482,242,181,59,119,55,26,10,19,9,4,3,2,49,35,5,9,6,163,37,12,5,20,58,11,17,30,38,13,13,12,30,2
MORIALTA,Rostrevor South,350,60,197,93,517,82,355,80,308,156,120,32,103,66,28,14,24,7,2,4,1,30,18,6,6,0,126,25,4,9,12,32,9,14,9,35,12,11,12,34,0
MORPHETT,Glenelg Central,296,52,145,99,672,76,500,96,228,100,100,28,115,66,28,12,26,14,6,3,5,31,26,3,2,4,94,14,5,3,6,33,8,12,13,31,11,6,14,16,0
MORPHETT,Glenelg East,259,40,129,90,494,71,348,75,169,85,68,16,65,43,19,7,17,4,2,1,1,12,9,2,1,6,66,17,10,2,5,21,6,10,5,15,3,4,8,13,0
MORPHETT,Glenelg South,295,34,161,100,900,94,695,111,266,123,115,28,109,59,38,9,12,5,3,0,2,39,28,6,5,6,80,16,8,2,6,18,6,7,5,30,12,5,13,16,0
MORPHETT,Glengowrie,461,68,211,182,868,112,642,114,389,187,172,30,94,61,28,9,24,6,0,5,1,23,18,1,4,4,115,25,10,7,8,30,6,11,13,38,12,6,20,22,0
MORPHETT,Grovene,175,32,89,54,403,44,302,57,149,70,72,7,45,25,17,5,3,3,3,0,0,16,13,2,1,1,45,8,1,1,6,15,1,8,6,15,8,0,7,7,1
MORPHETT,Novar Gardens,426,63,228,135,916,129,663,124,303,136,144,23,80,47,13,11,23,9,5,3,1,21,16,2,3,3,106,16,6,3,7,35,8,11,16,35,13,11,11,20,1
MORPHETT,Park Holme,505,63,254,188,465,83,308,74,286,159,87,40,93,51,27,2,22,9,6,1,2,27,14,4,9,6,134,34,13,7,14,36,13,15,8,40,7,9,24,24,2
MORPHETT,Park Holme South,433,85,200,148,401,82,262,57,218,114,66,38,60,40,17,5,18,3,2,0,1,15,13,0,2,2,115,29,7,6,16,27,9,6,12,33,11,8,14,26,3
MORPHETT,Plympton Park,330,51,172,107,407,75,278,54,198,112,64,22,86,52,20,12,20,2,1,0,1,29,19,3,7,3,107,29,11,3,15,32,6,13,13,26,6,7,13,20,3
MORPHETT,Plympton West,446,71,213,162,435,62,311,62,250,139,81,30,62,36,20,3,13,5,3,0,2,18,15,1,2,3,119,37,17,5,15,25,5,9,11,30,7,10,13,27,4
MORPHETT,Somerton Park East,291,36,149,106,502,68,359,75,211,121,71,19,58,34,14,5,15,5,4,1,0,18,12,2,4,1,62,17,7,4,6,26,6,8,12,8,4,1,3,11,1
MOUNT GAMBIER,Carpenter Rocks,10,2,6,2,39,1,32,6,26,10,14,2,2,0,0,0,0,2,2,0,0,0,0,0,0,0,19,2,0,0,2,2,0,1,1,8,0,4,4,7,0
MOUNT GAMBIER,Compton,56,9,36,11,185,14,145,26,95,36,41,18,14,3,1,1,1,2,2,0,0,7,5,1,1,2,53,6,2,2,2,17,2,9,6,17,3,9,5,13,1
MOUNT GAMBIER,Glenburnie,40,6,26,8,112,12,81,19,51,21,22,8,6,1,1,0,0,3,1,2,0,2,1,1,0,0,41,3,0,1,2,18,6,5,7,9,3,2,4,11,0
MOUNT GAMBIER,Kongorong,29,7,19,3,169,13,126,30,57,21,29,7,7,1,1,0,0,1,0,1,0,4,2,0,2,1,34,3,2,0,1,16,3,8,5,6,2,3,1,9,0
MOUNT GAMBIER,Mil Lel,34,5,20,9,126,8,104,14,41,14,20,7,7,0,0,0,0,1,1,0,0,5,3,0,2,1,41,5,3,1,1,20,7,9,4,8,0,6,2,8,0
MOUNT GAMBIER,Moorak,35,8,22,5,222,16,168,38,100,36,50,14,13,5,2,1,2,1,1,0,0,7,2,2,3,0,63,6,2,1,3,24,8,10,6,12,3,3,6,21,0
MOUNT GAMBIER,Mount Gambier,279,44,161,74,631,85,455,91,383,177,144,62,60,25,14,5,6,4,2,0,2,21,17,2,2,10,184,28,4,8,16,54,13,25,16,49,16,9,24,53,0
MOUNT GAMBIER,Mount Gambier East,420,45,232,143,370,41,259,70,391,215,101,75,56,27,13,5,9,4,2,1,1,20,9,4,7,5,220,40,12,12,16,44,9,7,28,67,23,14,30,69,2
MOUNT GAMBIER,Mount Gambier North,258,33,154,71,252,34,164,54,268,134,82,52,30,11,7,0,4,1,0,1,0,10,6,0,4,8,228,41,13,6,22,40,7,18,15,57,13,22,22,90,2
MOUNT GAMBIER,Mount Gambier Park,398,58,239,101,666,107,445,114,444,224,164,56,58,27,13,6,8,6,2,3,1,17,8,5,4,8,255,63,19,14,30,52,13,18,21,61,17,19,25,79,4
MOUNT GAMBIER,Mount Gambier West,452,67,270,115,717,103,500,114,593,300,189,104,98,43,19,9,15,4,3,1,0,38,19,8,11,13,366,68,17,17,34,74,20,18,36,107,32,27,48,117,5
MOUNT GAMBIER,Port MacDonnell,56,8,38,10,263,35,177,51,147,76,50,21,10,3,2,1,0,2,1,0,1,5,4,0,1,0,97,13,4,2,7,25,6,5,14,29,7,8,14,30,2
MOUNT GAMBIER,Suttontown,136,20,77,39,370,36,275,59,218,110,78,30,24,10,7,2,1,1,1,0,0,9,3,0,6,4,119,19,3,9,7,36,12,12,12,33,11,9,13,31,1
MOUNT GAMBIER,Yahl,56,13,32,11,197,25,140,32,90,37,43,10,10,3,3,0,0,2,0,2,0,3,2,0,1,2,71,17,5,6,6,13,4,4,5,19,7,3,9,22,0
NARUNGGA,Alford,18,1,12,5,82,10,59,13,44,18,16,10,0,0,0,0,0,0,0,0,0,0,0,0,0,0,13,4,1,0,3,3,0,0,3,5,3,2,0,1,0
NARUNGGA,Ardrossan,197,26,113,58,409,28,156,225,273,139,80,54,11,5,2,1,2,1,1,0,0,3,1,2,0,2,128,17,4,4,9,31,10,9,12,39,12,11,16,41,1
NARUNGGA,Arthurton,11,2,6,3,126,13,37,76,35,11,19,5,2,0,0,0,0,0,0,0,0,1,0,0,1,1,42,4,2,0,2,12,0,7,5,19,5,7,7,7,0
NARUNGGA,Bute,39,9,24,6,242,26,82,134,62,32,22,8,2,1,1,0,0,0,0,0,0,1,0,1,0,0,57,13,3,2,8,19,1,6,12,11,1,4,6,14,0
NARUNGGA,Coobowie,35,6,23,6,54,4,22,28,48,25,20,3,7,3,1,0,2,0,0,0,0,4,4,0,0,0,34,0,0,0,0,7,2,2,3,9,5,1,3,18,1
NARUNGGA,Corny Point,25,2,21,2,59,7,24,28,33,11,13,9,5,0,0,0,0,1,1,0,0,0,0,0,0,4,14,4,1,0,3,4,1,2,1,3,2,0,1,3,0
NARUNGGA,Curramulka,28,5,15,8,91,10,43,38,38,7,23,8,1,0,0,0,0,1,0,1,0,0,0,0,0,0,22,2,1,0,1,4,0,1,3,12,3,7,2,4,0
NARUNGGA,Edithburgh,46,11,31,4,118,24,45,49,103,45,41,17,4,1,0,1,0,0,0,0,0,2,2,0,0,1,53,9,7,1,1,19,8,4,7,17,7,5,5,8,1
NARUNGGA,Elliston,30,3,22,5,89,7,33,49,60,29,20,11,9,0,0,0,0,0,0,0,0,7,4,2,1,2,23,3,1,2,0,4,1,1,2,7,1,3,3,9,0
NARUNGGA,Hardwicke Bay,17,1,12,4,35,3,13,19,28,14,11,3,3,1,1,0,0,1,1,0,0,1,0,0,1,0,14,2,0,1,1,3,0,2,1,8,4,3,1,1,0
NARUNGGA,Kadina,348,57,193,98,679,80,504,95,417,183,158,76,44,23,9,3,11,2,0,1,1,11,5,2,4,8,282,42,11,10,21,74,17,30,27,77,20,24,33,89,4
NARUNGGA,Lochiel,28,4,21,3,40,8,21,11,27,10,13,4,3,1,1,0,0,1,1,0,0,1,1,0,0,0,13,4,2,1,1,4,1,1,2,4,0,1,3,1,0
NARUNGGA,Maitland,99,15,63,21,338,27,135,176,142,57,61,24,15,7,6,0,1,2,0,0,2,4,3,0,1,2,95,14,6,3,5,34,5,18,11,23,4,8,11,24,3
NARUNGGA,Marion Bay,17,1,13,3,51,7,13,31,16,7,6,3,7,2,1,0,1,2,1,0,1,3,2,0,1,0,9,0,0,0,0,1,0,1,0,4,0,3,1,4,0
NARUNGGA,Minlaton,99,14,55,30,401,52,151,198,173,65,77,31,18,6,3,0,3,2,2,0,0,5,1,1,3,5,99,13,5,4,4,30,7,10,13,29,7,10,12,27,0
NARUNGGA,Moonta,393,36,262,95,962,86,328,548,749,362,252,135,42,16,7,2,7,0,0,0,0,20,13,1,6,6,313,55,22,8,25,66,17,30,19,104,25,30,49,88,3
NARUNGGA,Paskeville,21,3,15,3,87,9,62,16,34,16,14,4,1,1,1,0,0,0,0,0,0,0,0,0,0,0,28,7,1,1,5,6,2,2,2,7,0,3,4,8,0
NARUNGGA,Port Broughton,114,7,87,20,485,52,151,282,177,79,66,32,14,7,1,3,3,1,0,1,0,5,0,3,2,1,100,16,12,2,2,30,5,8,17,35,8,12,15,19,0
NARUNGGA,Port Clinton,60,5,35,20,106,9,26,71,71,38,22,11,1,0,0,0,0,0,0,0,0,1,0,0,1,0,31,6,4,1,1,7,0,3,4,12,2,6,4,6,0
NARUNGGA,Port Victoria,34,5,21,8,110,6,32,72,48,14,24,10,2,0,0,0,0,0,0,0,0,1,1,0,0,1,16,0,0,0,0,5,0,3,2,8,0,3,5,3,0
NARUNGGA,Port Vincent,38,7,23,8,178,22,45,111,85,37,39,9,2,0,0,0,0,0,0,0,0,2,1,1,0,0,25,4,2,2,0,7,2,2,3,6,3,0,3,8,0
NARUNGGA,Snowtown,46,7,28,11,167,16,50,101,75,29,31,15,2,1,0,0,1,0,0,0,0,0,0,0,0,1,46,9,2,1,6,11,2,5,4,14,2,4,8,12,0
NARUNGGA,Stansbury,65,9,46,10,158,14,64,80,98,40,40,18,7,0,0,0,0,0,0,0,0,6,4,1,1,1,41,2,2,0,0,18,3,7,8,15,4,6,5,6,1
NARUNGGA,Wallaroo,484,45,317,122,643,69,470,104,503,261,139,103,34,11,7,0,4,4,1,1,2,14,7,4,3,5,276,44,13,10,21,46,9,16,21,100,31,17,52,86,5
NARUNGGA,Wallaroo Mines,238,22,154,62,323,56,216,51,284,135,93,56,21,9,3,3,3,2,0,1,1,7,4,2,1,3,208,31,9,10,12,39,5,20,14,65,15,11,39,73,1
NARUNGGA,Warooka,38,9,18,11,168,24,54,90,80,38,26,16,7,2,2,0,0,2,0,1,1,1,0,0,1,2,52,6,2,3,1,21,1,15,5,13,3,5,5,12,1
NARUNGGA,Yorketown,97,19,59,19,245,27,85,133,127,56,51,20,5,3,2,1,0,0,0,0,0,2,1,0,1,0,84,14,10,1,3,26,5,10,11,17,3,6,8,27,0
NARUNGGA,Dublin,131,10,67,54,202,21,56,125,119,50,42,27,8,3,1,1,1,0,0,0,0,3,1,0,2,2,108,27,8,5,14,14,4,4,6,30,6,12,12,37,0
NARUNGGA,Mallala,156,30,75,51,304,33,177,94,122,46,52,24,10,3,3,0,0,0,0,0,0,5,3,2,0,2,113,17,11,1,5,23,5,8,10,40,12,12,16,33,1
NARUNGGA,Port Wakefield,78,5,48,25,136,17,42,77,67,29,23,15,5,1,0,0,1,1,0,1,0,1,1,0,0,2,93,15,7,2,6,26,5,4,17,23,7,3,13,29,4
NEWLAND,Banksia Park,494,55,265,174,495,78,293,124,411,199,166,46,110,62,33,8,21,12,5,3,4,27,17,7,3,9,240,52,17,16,19,48,9,19,20,83,29,22,32,57,0
NEWLAND,Fairview Park,420,47,208,165,522,57,398,67,299,130,122,47,61,36,17,7,12,3,0,1,2,17,9,2,6,5,225,53,12,15,26,56,10,23,23,64,24,10,30,52,0
NEWLAND,Hope Valley West,595,79,293,223,499,58,326,115,339,175,121,43,51,28,18,3,7,4,1,3,0,17,12,0,5,2,173,30,11,3,16,42,8,21,13,54,16,15,23,47,8
NEWLAND,Ridgehaven,705,98,365,242,640,104,367,169,494,264,164,66,97,55,29,11,15,7,4,1,2,26,19,2,5,9,321,63,24,16,23,76,20,29,27,102,34,27,41,80,2
NEWLAND,St Agnes,552,77,278,197,653,83,488,82,470,227,187,56,87,41,19,4,18,6,4,1,1,34,24,7,3,6,275,49,19,10,20,60,13,27,20,101,34,27,40,65,0
NEWLAND,St Agnes West,529,66,276,187,453,64,311,78,376,201,127,48,57,37,16,9,12,2,2,0,0,17,11,3,3,1,212,38,19,5,14,65,12,27,26,61,21,21,19,48,2
NEWLAND,Tea Tree Gully,334,43,178,113,499,64,353,82,308,149,115,44,74,44,23,4,17,8,4,2,2,19,13,3,3,3,178,27,8,8,11,54,12,26,16,48,16,12,20,49,2
NEWLAND,Forreston,30,1,24,5,71,7,49,15,70,42,20,8,10,4,1,1,2,0,0,0,0,6,4,0,2,0,19,2,1,0,1,5,2,2,1,8,0,6,2,4,0
NEWLAND,Houghton,67,8,40,19,169,19,126,24,118,39,67,12,9,4,0,0,4,1,1,0,0,4,2,1,1,0,84,12,2,3,7,22,4,9,9,26,7,12,7,24,0
NEWLAND,Kersbrook,94,13,59,22,236,18,174,44,222,93,97,32,25,10,6,0,4,1,1,0,0,12,10,1,1,2,86,9,5,1,3,26,1,16,9,34,6,11,17,17,0
NEWLAND,Paracombe,21,5,11,5,121,11,88,22,69,33,24,12,7,4,3,1,0,0,0,0,0,3,3,0,0,0,36,7,3,0,4,10,1,6,3,8,3,3,2,11,0
NEWLAND,Highbury East,352,57,190,105,482,68,362,52,371,199,119,53,80,50,29,6,15,3,1,1,1,20,14,3,3,7,158,24,8,8,8,41,10,18,13,51,13,15,23,42,0
PLARFORD,Para Hills East,653,89,326,238,371,83,240,48,343,183,110,50,91,48,19,8,21,6,5,0,1,29,19,3,7,8,240,55,25,8,22,58,7,21,30,60,20,7,33,67,5
PLAYFORD,Mawson Lakes,911,226,418,267,983,257,583,143,448,222,186,40,140,94,33,19,42,12,6,3,3,29,15,8,6,5,319,69,11,22,36,84,22,40,22,97,32,34,31,69,2
PLAYFORD,Mawson Lakes North,722,201,278,243,577,159,302,116,278,142,111,25,111,66,22,10,34,12,9,2,1,25,18,4,3,8,231,48,21,9,18,72,21,18,33,54,19,14,21,57,1
PLAYFORD,Para Hills,740,96,380,264,419,71,273,75,454,232,141,81,80,35,16,7,12,9,4,2,3,23,14,2,7,13,260,66,30,8,28,61,10,23,28,64,21,18,25,69,1
PLAYFORD,Para Hills West,706,130,317,259,338,59,196,83,316,157,99,60,65,28,10,10,8,6,1,0,5,26,15,2,9,5,265,59,25,11,23,37,8,7,22,89,36,12,41,80,2
PLAYFORD,Parafield Gardens,1061,201,432,428,347,78,213,56,378,189,122,67,61,38,17,5,16,4,3,0,1,13,6,2,5,6,299,92,32,19,41,39,10,14,15,80,30,16,34,88,6
PLAYFORD,Parafield Gardens Central,1397,316,588,493,459,151,243,65,394,220,104,70,74,39,17,11,11,10,6,0,4,16,6,3,7,9,363,84,29,19,36,74,23,25,26,101,31,23,47,104,12
PLAYFORD,Parafield Gardens North West,1523,267,643,613,479,130,274,75,481,265,119,97,87,49,19,8,22,10,8,0,2,24,12,5,7,4,573,146,44,29,73,96,23,35,38,156,49,37,70,175,8
PORT ADELAIDE,Birkenhead,779,62,383,334,336,61,221,54,358,206,91,61,158,109,57,11,41,8,5,0,3,35,23,2,10,6,218,72,24,15,33,36,7,16,13,70,27,11,32,40,1
PORT ADELAIDE,Largs Bay,1126,117,566,443,677,128,448,101,631,366,169,96,175,105,52,13,40,10,5,3,2,52,38,5,9,8,280,77,29,11,37,54,17,25,12,86,41,16,29,63,1
PORT ADELAIDE,North Haven,770,80,339,351,430,59,297,74,473,253,152,68,64,34,13,6,15,7,2,1,4,18,10,5,3,5,214,66,18,11,37,38,7,14,17,64,24,18,22,46,3
PORT ADELAIDE,Ottoway,743,170,314,259,181,50,106,25,193,123,45,25,55,32,7,4,21,5,1,2,2,14,7,2,5,4,167,49,19,8,22,25,8,9,8,45,13,5,27,48,1
PORT ADELAIDE,Port Adelaide,440,67,210,163,205,50,125,30,187,100,64,23,92,61,28,5,28,3,1,0,2,22,17,1,4,6,120,30,8,6,16,31,8,9,14,30,16,5,9,29,2
PORT ADELAIDE,Semaphore,606,68,309,229,414,74,277,63,368,200,108,60,192,120,56,10,54,8,2,2,4,53,43,6,4,11,141,42,20,6,16,28,4,11,13,49,16,9,24,22,3
PORT ADELAIDE,Semaphore South,576,60,291,225,342,61,236,45,351,191,106,54,104,60,39,4,17,5,3,0,2,36,29,6,1,3,152,36,19,1,16,27,10,11,6,48,17,14,17,41,3
PORT ADELAIDE,St Clair,690,135,300,255,366,69,236,61,294,153,106,35,105,64,28,15,21,5,4,1,0,30,21,5,4,6,139,40,14,11,15,34,9,12,13,30,12,9,9,35,1
PORT ADELAIDE,Taperoo,1416,129,632,655,623,84,449,90,686,364,194,128,112,70,35,8,27,3,1,1,1,34,24,5,5,5,368,114,42,18,54,67,14,27,26,98,38,18,42,89,2
RAMSAY,Direk,765,102,325,338,216,58,103,55,344,204,83,57,53,31,11,8,12,3,1,0,2,12,8,1,3,7,413,115,36,23,56,63,16,24,23,126,43,18,65,109,2
RAMSAY,Paralowie,1492,216,620,656,405,97,226,82,519,285,129,105,81,44,24,6,14,6,2,3,1,25,14,2,9,6,555,144,46,27,71,87,18,31,38,152,46,24,82,172,6
RAMSAY,Paralowie South,765,122,338,305,267,63,165,39,324,176,78,70,52,25,15,3,7,6,1,0,5,15,11,2,2,6,381,118,38,20,60,67,21,24,22,109,27,27,55,87,1
RAMSAY,Paralowie West,986,163,419,404,290,78,158,54,283,169,70,44,49,29,11,4,14,3,3,0,0,11,7,0,4,6,370,103,31,23,49,54,15,12,27,110,46,21,43,103,2
RAMSAY,Salisbury (Port Adelaide),390,86,187,117,141,44,74,23,141,77,38,26,35,17,8,3,6,3,2,1,0,9,3,3,3,6,111,27,10,5,12,18,3,7,8,23,5,6,12,43,1
RAMSAY,Salisbury Downs,1129,195,546,388,401,77,253,71,430,216,108,106,64,39,19,8,12,5,2,2,1,15,10,4,1,5,394,105,34,20,51,70,10,30,30,116,37,23,56,103,3
RAMSAY,Salisbury North,1157,170,558,429,297,66,173,58,501,269,128,104,90,62,27,10,25,5,2,3,0,17,6,4,7,6,432,110,38,21,51,68,19,21,28,132,46,23,63,122,6
RAMSAY,Salisbury (Wakefield),557,78,300,179,209,42,114,53,238,122,65,51,51,31,13,7,11,3,1,1,1,9,5,1,3,8,202,44,16,10,18,41,12,11,18,55,20,10,25,62,4
RAYNELL,O'Sullivan Beach,477,55,229,193,206,42,145,19,263,148,72,43,66,42,23,2,17,4,1,3,0,15,11,1,3,5,157,47,12,8,27,29,6,9,14,36,12,12,12,45,2
REYNELL,Christie Downs,656,64,312,280,213,40,141,32,298,162,81,55,69,41,11,6,24,5,2,2,1,12,9,0,3,11,238,67,20,9,38,37,8,12,17,65,28,12,25,69,4
REYNELL,Christies Beach,852,94,423,335,396,78,268,50,378,231,96,51,175,97,52,5,40,6,4,1,1,53,37,3,13,19,326,78,20,13,45,72,22,21,29,83,30,11,42,93,1
REYNELL,Hackham,728,73,331,324,251,50,164,37,328,182,73,73,80,49,21,8,20,9,6,2,1,15,11,1,3,7,292,88,24,13,51,42,10,18,14,71,23,12,36,91,7
REYNELL,Morphett Vale,930,121,421,388,353,56,242,55,408,236,107,65,107,54,21,11,22,10,2,4,4,33,20,1,12,10,372,101,28,21,52,61,17,22,22,104,32,26,46,106,6
REYNELL,Morphett Vale North,478,68,226,184,285,50,196,39,264,153,59,52,30,17,8,5,4,0,0,0,0,13,7,0,6,0,178,49,17,8,24,26,8,7,11,58,17,11,30,45,0
REYNELL,Morphett Vale South,642,64,306,272,225,33,164,28,300,158,84,58,51,31,13,2,16,2,1,0,1,11,7,0,4,7,212,54,21,8,25,41,11,13,17,59,17,9,33,58,3
REYNELL,Port Noarlunga,418,56,219,143,338,65,220,53,255,130,90,35,139,91,33,11,47,4,1,1,2,35,20,4,11,9,168,33,15,6,12,37,10,11,16,55,14,18,23,43,2
REYNELL,Reynella South,805,98,386,321,561,109,362,90,521,291,145,85,106,60,19,10,31,5,3,0,2,29,20,4,5,12,320,86,23,19,44,73,17,23,33,82,33,12,37,79,3
SCHUBERT,Angaston,224,40,135,49,526,60,393,73,287,115,133,39,61,19,9,4,6,4,2,2,0,33,25,6,2,5,148,28,5,3,20,46,7,26,13,41,7,14,20,33,0
SCHUBERT,Eden Valley,35,5,23,7,128,11,101,16,78,26,38,14,18,6,5,0,1,1,1,0,0,11,8,1,2,0,34,8,2,1,5,8,4,2,2,4,0,2,2,14,0
SCHUBERT,Keyneton,14,4,8,2,85,8,70,7,32,13,12,7,6,1,1,0,0,2,0,1,1,2,2,0,0,1,22,3,3,0,0,5,1,2,2,8,2,1,5,6,0
SCHUBERT,Moculta,12,1,8,3,70,6,52,12,26,9,12,5,6,2,1,0,1,1,1,0,0,2,2,0,0,1,11,3,1,0,2,3,0,1,2,0,0,0,0,5,0
SCHUBERT,Nuriootpa,384,55,234,95,782,114,541,127,443,189,180,74,80,36,10,9,17,6,3,3,0,25,13,4,8,13,281,47,15,5,27,66,13,25,28,79,16,26,37,89,2
SCHUBERT,Stockwell,72,11,48,13,238,30,165,43,98,40,39,19,9,3,2,0,1,1,1,0,0,3,2,1,0,2,76,13,1,5,7,25,4,10,11,22,5,6,11,16,0
SCHUBERT,Tanunda,277,40,183,54,1057,123,802,132,448,172,218,58,75,30,16,6,8,13,5,2,6,31,19,8,4,1,232,46,19,11,16,73,13,30,30,63,12,23,28,50,0
SCHUBERT,Mount Pleasant,113,14,76,23,236,31,158,47,234,95,99,40,33,10,2,1,7,6,2,3,1,13,8,2,3,4,112,13,4,3,6,25,5,13,7,34,9,9,16,40,1
SCHUBERT,Freeling,306,43,160,103,432,65,308,59,210,101,67,42,46,18,7,3,8,12,7,3,2,11,8,1,2,5,216,51,13,13,25,43,9,17,17,68,24,15,29,54,5
SCHUBERT,Greenock,138,19,61,58,450,42,349,59,173,58,92,23,42,18,11,0,7,6,2,1,3,16,13,3,0,2,93,18,8,4,5,27,3,14,10,27,7,5,15,21,0
SCHUBERT,Lyndoch,218,34,113,71,388,55,285,48,264,125,103,36,58,32,17,3,12,4,1,2,1,17,10,4,3,5,153,39,15,12,12,31,12,9,10,52,16,17,19,31,2
SCHUBERT,Roseworthy,159,23,85,51,271,43,104,124,150,64,59,27,25,15,8,2,5,2,1,1,0,7,5,1,1,1,114,16,7,4,5,24,4,13,7,38,10,11,17,36,0
SCHUBERT,Sandy Creek,114,21,53,40,261,41,96,124,142,66,60,16,24,10,6,3,1,2,1,1,0,11,7,1,3,1,53,12,8,1,3,11,4,7,0,17,10,2,5,13,0
SCHUBERT,Wasleys,132,21,54,57,117,11,51,55,69,30,24,15,12,6,4,1,1,4,3,0,1,2,2,0,0,0,71,11,4,3,4,15,2,6,7,25,10,6,9,20,1
SCHUBERT,Williamstown,315,39,157,119,369,49,262,58,337,150,132,55,88,45,21,7,17,7,2,3,2,32,14,6,12,4,216,36,13,3,20,44,6,22,16,78,21,18,39,58,0
STUART,Truro,55,11,35,9,149,20,101,28,77,23,40,14,3,0,0,0,0,0,0,0,0,3,1,1,1,0,67,8,2,1,5,12,1,6,5,24,6,7,11,23,0
STUART,Booborowie,27,1,22,4,78,12,23,43,26,12,11,3,1,1,1,0,0,0,0,0,0,0,0,0,0,0,20,5,2,0,3,5,0,1,4,7,2,2,3,3,0
STUART,Booleroo Centre,18,4,13,1,205,29,55,121,52,16,27,9,8,3,2,1,0,0,0,0,0,5,4,1,0,0,16,0,0,0,0,8,1,2,5,7,0,3,4,1,1
STUART,Burra,125,20,91,14,239,37,83,119,121,53,48,20,14,7,0,2,5,1,1,0,0,2,1,0,1,4,85,18,7,5,6,19,4,7,8,20,3,8,9,28,0
STUART,Eudunda,47,3,36,8,273,28,76,169,135,66,50,19,7,4,2,1,1,0,0,0,0,2,2,0,0,1,87,8,3,2,3,22,1,14,7,34,5,10,19,23,1
STUART,Farrell Flat,9,1,7,1,46,5,17,24,25,10,7,8,3,0,0,0,0,0,0,0,0,2,2,0,0,1,13,4,2,0,2,1,0,1,0,4,0,1,3,4,0
STUART,Gladstone,61,7,45,9,135,15,58,62,132,60,37,35,11,5,3,1,1,1,0,1,0,5,3,1,1,0,56,9,3,2,4,16,4,6,6,23,5,2,16,8,0
STUART,Hallett,9,1,7,1,68,9,28,31,24,11,7,6,1,0,0,0,0,0,0,0,0,1,0,0,1,0,19,3,1,1,1,5,0,1,4,7,2,1,4,4,0
STUART,Jamestown,122,23,68,31,608,68,197,343,237,97,108,32,22,5,1,2,2,2,0,2,0,14,8,3,3,1,109,17,9,0,8,36,5,14,17,29,9,7,13,27,1
STUART,Laura,45,9,29,7,240,24,93,123,120,41,49,30,15,7,1,2,4,0,0,0,0,8,8,0,0,0,53,6,3,2,1,20,0,11,9,22,2,10,10,5,2
STUART,Leigh Creek,29,10,15,4,40,8,19,13,25,11,9,5,8,4,1,0,3,0,0,0,0,3,1,1,1,1,17,4,2,2,0,4,2,1,1,5,2,1,2,4,0
STUART,Melrose,12,2,10,0,121,13,41,67,43,9,25,9,10,4,2,1,1,1,1,0,0,5,5,0,0,0,18,2,1,0,1,6,2,2,2,4,1,1,2,6,1
STUART,Orroroo,30,11,18,1,216,16,66,134,75,22,36,17,3,0,0,0,0,1,1,0,0,2,2,0,0,0,37,5,1,3,1,14,4,2,8,6,1,1,4,12,0
STUART,Peterborough,227,22,140,65,233,27,75,131,200,114,52,34,22,8,3,2,3,0,0,0,0,9,3,3,3,5,111,22,8,5,9,12,3,4,5,39,14,7,18,38,2
STUART,Point Pass,9,0,7,2,54,5,11,38,8,6,2,0,1,0,0,0,0,0,0,0,0,1,1,0,0,0,21,6,0,3,3,7,0,4,3,7,1,2,4,1,0
STUART,Port Augusta Central,208,35,132,41,179,29,129,21,213,109,62,42,28,9,2,4,3,3,1,2,0,15,8,2,5,1,125,29,14,8,7,26,2,11,13,41,14,9,18,29,2
STUART,Port Augusta East,516,68,323,125,297,52,204,41,449,240,117,92,35,13,6,3,4,1,1,0,0,15,10,1,4,6,213,45,19,8,18,29,5,8,16,70,20,12,38,69,4
STUART,Port Augusta West,455,57,288,110,291,50,203,38,357,199,84,74,26,9,3,5,1,4,1,2,1,6,2,3,1,7,202,41,15,6,20,34,8,9,17,66,15,21,30,61,3
STUART,Port Germein,52,4,42,6,93,11,34,48,81,40,31,10,10,6,6,0,0,0,0,0,0,4,2,1,1,0,37,8,5,1,2,10,0,6,4,7,1,1,5,12,1
STUART,Robertstown,32,3,25,4,88,6,21,61,45,23,13,9,0,0,0,0,0,0,0,0,0,0,0,0,0,0,28,5,3,2,0,6,2,1,3,10,3,2,5,7,0
STUART,Spalding,22,1,16,5,114,12,40,62,61,21,31,9,2,1,1,0,0,0,0,0,0,1,1,0,0,0,11,1,0,1,0,3,0,1,2,6,2,3,1,1,0
STUART,Stirling North,188,33,104,51,158,20,110,28,239,113,71,55,12,3,1,2,0,2,1,1,0,4,3,0,1,3,127,25,9,5,11,24,6,8,10,54,11,14,29,24,1
STUART,Terowie,17,2,12,3,18,3,4,11,20,11,3,6,0,0,0,0,0,0,0,0,0,0,0,0,0,0,8,1,1,0,0,1,1,0,0,2,1,1,0,4,1
STUART,Wilmington,55,6,41,8,146,20,51,75,74,27,31,16,10,4,0,0,4,0,0,0,0,5,2,1,2,1,33,6,3,1,2,14,1,7,6,9,3,4,2,4,0
STUART,Wirrabara,47,8,32,7,144,11,48,85,85,37,34,14,4,0,0,0,0,1,1,0,0,3,3,0,0,0,19,4,2,0,2,5,1,1,3,6,2,0,4,4,1
STUART,Kapunda,409,60,237,112,686,79,518,89,369,164,133,72,63,34,17,5,12,3,1,1,1,19,17,2,0,7,260,47,20,7,20,60,10,23,27,91,29,23,39,62,1
TAYLOR,Burton,1172,237,493,442,398,105,205,88,339,160,116,63,61,26,6,8,12,11,2,5,4,17,13,1,3,7,459,119,36,19,64,78,20,25,33,145,46,25,74,117,3
TAYLOR,Andrews Farm,1164,170,507,487,384,76,227,81,386,178,125,83,101,54,25,8,21,12,5,3,4,20,8,7,5,15,561,160,52,32,76,111,34,27,50,163,65,28,70,127,8
TAYLOR,Angle Vale,872,127,441,304,801,124,542,135,579,283,205,91,57,37,16,4,17,6,1,3,2,9,4,1,4,5,557,118,36,21,61,106,17,46,43,173,57,41,75,160,2
TAYLOR,Davoren Park,804,87,385,332,162,30,99,33,260,132,63,65,52,25,8,5,12,3,0,0,3,19,12,2,5,5,323,76,22,16,38,54,14,15,25,95,46,8,41,98,2
TAYLOR,Elizabeth North,755,83,343,329,174,39,103,32,294,185,66,43,49,30,13,5,12,3,3,0,0,13,6,2,5,3,352,95,30,19,46,46,12,15,19,103,35,20,48,108,2
TAYLOR,Smithfield,500,53,243,204,169,31,100,38,224,129,65,30,33,13,5,3,5,4,0,2,2,9,5,1,3,7,243,74,19,16,39,45,13,13,19,63,20,13,30,61,3
TAYLOR,Smithfield Plains,943,123,421,399,236,54,133,49,298,155,75,68,81,47,14,8,25,4,2,1,1,21,10,4,7,9,457,147,38,20,89,75,21,19,35,126,52,25,49,109,2
TAYLOR,Two Wells,539,74,267,198,606,85,420,101,437,195,157,85,56,25,15,2,8,8,5,0,3,20,14,2,4,3,495,99,32,13,54,80,20,30,30,155,47,35,73,161,3
TAYLOR,Virginia,480,95,201,184,577,93,371,113,258,126,95,37,22,8,3,4,1,4,1,3,0,9,3,5,1,1,233,46,12,14,20,55,11,31,13,67,21,18,28,65,13
TORRENS,Greenacres,786,172,336,278,587,136,357,94,361,171,138,52,89,54,20,15,19,5,4,0,1,27,17,5,5,3,182,34,9,7,18,45,8,21,16,54,17,12,25,49,3
TORRENS,Vale Park (Adelaide),300,50,141,109,590,90,410,90,248,116,107,25,65,39,17,6,16,4,4,0,0,16,12,0,4,6,90,10,2,1,7,32,5,17,10,27,5,12,10,21,0
TORRENS,Dernancourt,300,59,161,80,506,73,366,67,326,168,124,34,73,40,22,6,12,5,3,0,2,27,22,4,1,1,128,21,9,4,8,40,3,23,14,40,11,12,17,27,1
TORRENS,Gilles Plains,585,141,258,186,376,77,247,52,315,177,89,49,66,33,16,3,14,8,5,2,1,18,12,3,3,7,189,44,19,7,18,44,16,16,12,52,20,13,19,49,3
TORRENS,Hillcrest,644,128,311,205,588,127,393,68,458,238,149,71,68,39,17,10,12,6,1,5,0,21,13,3,5,2,204,45,12,11,22,51,10,18,23,43,13,15,15,65,3
TORRENS,Holden Hill,531,94,262,175,461,80,321,60,406,219,129,58,75,43,22,4,17,3,2,1,0,19,13,3,3,10,250,48,18,12,18,58,18,22,18,78,25,20,33,66,1
TORRENS,Klemzig,516,107,254,155,540,122,351,67,394,196,141,57,119,62,26,13,23,11,5,2,4,37,25,9,3,9,144,34,11,6,17,38,11,13,14,41,13,14,14,31,1
TORRENS,Northgate (Sturt),91,18,51,22,130,30,83,17,65,42,19,4,26,13,3,1,9,2,1,1,0,10,8,0,2,1,42,8,3,2,3,15,3,5,7,10,4,2,4,9,0
TORRENS,Vale Park (Sturt),119,19,68,32,162,22,119,21,140,68,54,18,32,18,7,1,10,3,1,2,0,9,7,1,1,2,43,9,4,1,4,19,3,5,11,12,3,5,4,3,1
TORRENS,Windsor Gardens East,269,67,137,65,258,63,164,31,186,94,65,27,64,37,19,7,11,4,3,0,1,19,14,3,2,4,114,25,8,5,12,36,16,10,10,33,7,8,18,20,1
TORRENS,Windsor Gardens West,293,63,128,102,331,70,215,46,260,133,91,36,82,46,24,4,18,6,5,0,1,26,21,2,3,4,115,24,11,6,7,27,4,12,11,38,16,6,16,26,1
UNLEY,Fullarton,277,44,150,83,697,70,543,84,259,120,116,23,118,81,37,16,28,11,5,5,1,21,14,4,3,5,82,13,4,1,8,26,4,12,10,23,5,10,8,20,3
UNLEY,Goodwood,670,79,351,240,825,132,556,137,422,233,156,33,306,216,101,18,97,10,6,4,0,71,55,6,10,9,147,45,20,6,19,33,7,11,15,44,17,16,11,25,4
UNLEY,Hyde Park,159,27,71,61,815,81,603,131,137,53,76,8,73,42,15,11,16,5,3,2,0,23,19,3,1,3,52,13,4,3,6,17,2,9,6,14,1,9,4,8,0
UNLEY,Malvern,194,25,98,71,792,93,603,96,193,75,105,13,88,53,25,11,17,12,9,3,0,22,13,4,5,1,66,8,3,1,4,20,3,8,9,26,10,5,11,12,1
UNLEY,Parkside,415,64,207,144,743,106,540,97,302,154,125,23,251,167,90,13,64,21,8,8,5,53,45,2,6,10,122,36,21,0,15,28,4,14,10,38,15,15,8,20,1
UNLEY,Unley,562,76,303,183,1038,146,745,147,394,205,156,33,244,149,76,11,62,17,10,5,2,68,50,8,10,10,144,34,12,6,16,50,10,26,14,37,13,13,11,23,3
UNLEY,Glenunga,376,82,198,96,1181,131,906,144,389,200,154,35,165,83,38,10,35,18,11,4,3,56,46,4,6,8,148,23,16,4,3,34,7,10,17,52,18,14,20,39,1
UNLEY,Myrtle Bank,222,43,115,64,775,81,616,78,235,125,99,11,104,59,26,7,26,8,4,3,1,33,24,4,5,4,81,15,5,4,6,25,6,11,8,24,7,7,10,17,1
UNLEY,Paradise,499,66,279,154,583,98,422,63,446,244,144,58,96,60,30,11,19,1,0,1,0,27,20,4,3,8,142,28,11,5,12,37,8,15,14,39,14,9,16,38,6
WAITE,Belair,517,62,307,148,1030,128,755,147,671,350,233,88,319,181,105,20,56,15,6,6,3,112,83,12,17,11,181,44,13,10,21,56,12,22,22,48,21,15,12,33,0
WAITE,Blackwood,359,52,213,94,916,104,702,110,446,215,190,41,154,86,47,12,27,11,5,2,4,53,39,5,9,4,182,26,14,4,8,74,12,35,27,55,17,14,24,27,0
WAITE,Blackwood Central,323,45,188,90,508,64,368,76,367,188,137,42,183,98,54,10,34,10,7,0,3,69,52,9,8,6,113,30,10,3,17,21,2,14,5,44,14,17,13,18,1
WAITE,Coromandel Valley (Boothby),131,24,78,29,187,24,143,20,151,80,55,16,59,26,16,0,10,3,2,1,0,27,25,0,2,3,54,8,2,2,4,14,5,7,2,16,4,4,8,16,1
WAITE,Eden Hills,267,32,156,79,424,53,327,44,303,169,101,33,182,107,48,10,49,10,6,3,1,62,51,5,6,3,114,20,11,1,8,29,5,13,11,42,9,16,17,23,1
WAITE,Flagstaff Hill,828,133,444,251,1415,215,1032,168,727,370,275,82,195,105,48,16,41,14,6,6,2,67,41,13,13,9,329,69,33,14,22,91,16,38,37,93,22,36,35,76,3
WAITE,Kingswood,251,43,122,86,684,72,486,126,262,134,94,34,135,75,32,12,31,6,6,0,0,42,30,7,5,12,55,10,4,1,5,11,1,2,8,18,6,6,6,16,0
WAITE,Mitcham,381,65,209,107,1283,124,995,164,407,185,186,36,166,98,46,10,42,9,7,1,1,54,36,8,10,5,155,21,11,2,8,56,5,32,19,42,21,11,10,36,0
WAITE,Netherby,84,15,46,23,458,39,361,58,128,52,67,9,38,22,14,2,6,0,0,0,0,16,11,0,5,0,37,8,3,1,4,17,4,9,4,8,3,2,3,4,0
WAITE,Coromandel Valley (Mayo),151,22,98,31,307,41,223,43,270,129,111,30,99,47,26,3,18,7,2,5,0,43,33,4,6,2,78,15,4,4,7,21,3,12,6,20,5,7,8,22,0
WEST TORRENS,Mile End (Adelaide),557,57,313,187,289,43,185,61,272,153,84,35,174,113,60,10,43,6,2,3,1,47,34,6,7,8,137,47,24,5,18,23,3,12,8,44,14,10,20,23,3
WEST TORRENS,Brooklyn Park,661,90,325,246,505,78,329,98,361,179,127,55,112,74,34,10,30,8,3,3,2,27,16,4,7,3,144,24,14,3,7,41,12,16,13,42,14,11,17,37,3
WEST TORRENS,Brooklyn Park South,420,79,211,130,399,66,275,58,243,136,86,21,71,44,21,4,19,2,1,0,1,23,17,2,4,2,117,26,13,2,11,31,6,10,15,31,10,8,13,29,1
WEST TORRENS,Cowandilla,864,105,413,346,464,95,305,64,401,242,109,50,175,116,62,11,43,7,5,1,1,44,32,5,7,8,165,50,13,13,24,39,5,10,24,38,12,9,17,38,4
WEST TORRENS,Flinders Park,842,107,436,299,880,140,593,147,491,266,175,50,124,73,37,10,26,10,1,6,3,33,23,5,5,8,231,62,20,17,25,48,10,22,16,60,22,21,17,61,3
WEST TORRENS,Lockleys North,424,70,219,135,631,91,463,77,291,137,123,31,89,52,24,4,24,3,2,1,0,28,18,5,5,6,121,20,5,6,9,40,11,12,17,34,16,5,13,27,0
WEST TORRENS,Mile End (Hindmarsh),246,37,137,72,160,31,103,26,104,60,31,13,90,62,29,7,26,6,4,1,1,20,16,4,0,2,36,7,4,1,2,11,1,4,6,15,9,3,3,3,0
WEST TORRENS,Netley,375,44,193,138,402,62,283,57,235,113,79,43,28,17,6,1,10,2,1,1,0,5,3,1,1,4,87,19,12,2,5,32,9,11,12,22,5,8,9,14,1
WEST TORRENS,Richmond,723,110,375,238,640,127,442,71,374,174,139,61,108,58,33,3,22,7,3,3,1,38,27,5,6,5,160,41,14,7,20,37,9,14,14,42,16,11,15,40,4
WEST TORRENS,Torrensville,602,75,325,202,395,62,265,68,299,163,103,33,183,124,64,7,53,9,5,1,3,47,42,1,4,3,104,25,8,7,10,23,10,6,7,34,11,8,15,22,2
WRIGHT,Modbury Heights,829,124,413,292,784,118,492,174,592,301,215,76,126,83,32,10,41,7,5,0,2,30,18,7,5,6,362,82,19,14,49,89,15,30,44,99,34,29,36,92,3
WRIGHT,Redwood Park,691,106,352,233,680,110,466,104,468,235,172,61,111,65,29,3,33,2,2,0,0,35,24,3,8,9,325,73,27,12,34,71,14,27,30,99,28,38,33,82,1
WRIGHT,Salisbury East,782,111,370,301,488,66,335,87,428,220,139,69,86,45,17,5,23,3,2,0,1,24,15,3,6,14,284,59,17,13,29,62,14,24,24,83,32,15,36,80,1
WRIGHT,Salisbury East Central,677,83,307,287,396,80,254,62,335,171,107,57,64,40,18,4,18,7,3,2,2,9,6,0,3,8,249,48,11,15,22,62,16,18,28,70,20,25,25,69,2
WRIGHT,Surrey Downs,548,71,292,185,488,86,335,67,448,231,143,74,73,35,16,8,11,3,1,1,1,31,21,5,5,4,254,55,21,11,23,47,9,27,11,80,24,25,31,72,2
WRIGHT,Wynn Vale,926,119,456,351,941,134,682,125,569,294,193,82,102,57,30,6,21,10,6,4,0,33,22,5,6,2,328,70,23,14,33,69,14,28,27,94,34,35,25,95,4
WRIGHT,Wynn Vale West,371,72,169,130,446,87,246,113,215,113,81,21,57,34,18,6,10,5,3,0,2,17,11,2,4,1,158,30,13,6,11,52,10,27,15,30,10,11,9,46,2
WRIGHT,Brahma Lodge,691,114,315,262,257,48,166,43,305,160,91,54,56,30,17,6,7,6,3,0,3,12,8,2,2,8,254,57,17,11,29,44,11,12,21,80,32,16,32,73,5